Student ID,Student Name,Attendance (%),Attendance Marks (out of 5),Internal Marks (out of 50),Previous Result (out of 100),Previous Grade
STU00001,Vishal Singh,93,4,25.7,40.6,C
STU00002,Aditya Sinha,83,3,37.7,57.5,B
STU00003,Mahesh Nair,69,2,20.3,33.9,F
STU00004,Kavya Kumar,97,5,48.9,66.2,B+
STU00005,Esha Singh,62,1,50.0,83.2,A+
STU00006,Amrita Sinha,75,3,36.6,66.7,B+
STU00007,Sneha Patel,93,4,36.0,56.0,B
STU00008,Usha Pandey,73,2,31.9,56.2,B
STU00009,Akash Sharma,77,3,42.2,70.0,A
STU00010,Arjun Rao,65,2,39.1,57.7,B
STU00011,Kavya Shah,65,2,43.0,60.3,B+
STU00012,Varun Sharma,78,3,29.6,40.0,C
STU00013,Suresh Rao,90,4,39.6,65.7,B+
STU00014,Chetan Mukherjee,94,4,32.0,50.8,B
STU00015,Bhavya Pillai,78,3,25.8,51.5,B
STU00016,Ravi Nair,57,1,32.8,58.8,B
STU00017,Sakshi Das,76,3,26.8,49.2,C
STU00018,Mahesh Roy,56,1,43.7,72.0,A
STU00019,Aarav Ghosh,78,3,27.5,36.3,F
STU00020,Farhan Chatterjee,98,5,40.6,67.6,B+
STU00021,Rohit Joshi,84,3,30.5,49.3,C
STU00022,Mahesh Kumar,92,4,39.2,53.6,B
STU00023,Karan Ghosh,56,1,28.4,55.1,B
STU00024,Nikhil Singh,75,3,23.7,46.7,C
STU00025,Arjun Agarwal,87,4,40.6,55.8,B
STU00026,Aryan Mishra,66,2,32.0,46.1,C
STU00027,Nisha Bose,76,3,37.7,55.9,B
STU00028,Lakshmi Roy,98,5,33.4,58.3,B
STU00029,Akash Sinha,79,3,23.4,41.4,C
STU00030,Sana Pillai,81,3,45.3,72.8,A
STU00031,Deepa Dubey,96,5,43.7,72.1,A
STU00032,Priya Patel,82,3,30.6,38.7,F
STU00033,Suresh Reddy,70,2,35.1,59.2,B
STU00034,Vishal Bose,69,2,43.8,69.3,B+
STU00035,Pooja Das,98,5,33.2,47.7,C
STU00036,Ishaan Chatterjee,57,1,30.5,36.5,F
STU00037,Anjali Verma,91,4,38.8,62.3,B+
STU00038,Zara Nair,61,1,29.5,50.1,B
STU00039,Gargi Reddy,75,3,42.7,54.7,B
STU00040,Arjun Kapoor,63,1,32.3,51.8,B
STU00041,Kavya Kapoor,93,4,29.7,48.5,C
STU00042,Aryan Agarwal,72,2,40.2,59.9,B
STU00043,Mahesh Chopra,58,1,23.0,39.8,F
STU00044,Vishal Malhotra,79,3,50.0,78.9,A
STU00045,Pooja Gupta,68,2,48.5,79.9,A
STU00046,Pooja Mishra,63,1,38.4,65.7,B+
STU00047,Karan Banerjee,80,3,39.4,67.3,B+
STU00048,Mahesh Chatterjee,56,1,36.5,66.5,B+
STU00049,Amrita Mukherjee,74,2,30.5,51.5,B
STU00050,Anjali Bose,82,3,38.4,57.6,B
STU00051,Vishal Gupta,61,1,25.3,35.3,F
STU00052,Sneha Sinha,98,5,41.8,58.4,B
STU00053,Kishore Gupta,62,1,41.5,67.6,B+
STU00054,Sana Agarwal,89,4,33.0,63.4,B+
STU00055,Mahesh Dubey,68,2,28.9,43.4,C
STU00056,Vishal Chatterjee,71,2,23.7,41.5,C
STU00057,Suresh Nair,90,4,49.6,73.3,A
STU00058,Amrita Joshi,94,4,32.3,53.2,B
STU00059,Gargi Ghosh,58,1,31.5,60.5,B+
STU00060,Ananya Nair,56,1,35.8,62.8,B+
STU00061,Akash Roy,60,1,36.0,45.0,C
STU00062,Neha Agarwal,96,5,43.8,74.6,A
STU00063,Mahesh Patel,58,1,29.9,52.8,B
STU00064,Karan Dubey,83,3,25.6,42.3,C
STU00065,Tanvi Tiwari,72,2,22.9,42.0,C
STU00066,Chetan Joshi,80,3,30.3,41.8,C
STU00067,Karan Mukherjee,98,5,28.7,46.4,C
STU00068,Sanika Agarwal,88,4,33.6,62.6,B+
STU00069,Yash Chopra,64,1,45.7,81.3,A+
STU00070,Divya Iyer,90,4,33.1,57.3,B
STU00071,Deepak Nair,68,2,30.9,42.4,C
STU00072,Esha Pillai,85,4,35.9,49.1,C
STU00073,Sneha Iyer,69,2,30.7,50.0,B
STU00074,Esha Das,62,1,33.1,54.4,B
STU00075,Rohit Tiwari,68,2,39.2,61.9,B+
STU00076,Usha Agarwal,77,3,43.2,62.7,B+
STU00077,Pooja Nair,94,4,45.9,76.9,A
STU00078,Deepak Shah,75,3,50.0,80.9,A+
STU00079,Sanika Patel,70,2,39.6,65.7,B+
STU00080,Faizan Verma,99,5,50.0,84.7,A+
STU00081,Deepa Kumar,72,2,27.7,42.1,C
STU00082,Vishal Gupta,78,3,50.0,76.1,A
STU00083,Amrita Pandey,80,3,32.1,60.2,B+
STU00084,Varun Patel,79,3,32.9,46.6,C
STU00085,Priya Agarwal,99,5,36.3,54.3,B
STU00086,Varun Chopra,95,5,35.0,65.9,B+
STU00087,Siddharth Iyer,83,3,36.6,54.2,B
STU00088,Suresh Kapoor,69,2,29.2,45.9,C
STU00089,Aarav Banerjee,99,5,44.9,68.5,B+
STU00090,Dhruv Singh,55,1,28.0,30.5,F
STU00091,Amrita Tiwari,79,3,41.3,65.1,B+
STU00092,Sneha Ghosh,61,1,47.3,67.6,B+
STU00093,Mahesh Ghosh,63,1,30.6,51.0,B
STU00094,Yash Joshi,78,3,42.4,76.7,A
STU00095,Deepa Reddy,55,1,38.0,43.1,C
STU00096,Rohit Gupta,98,5,50.0,76.7,A
STU00097,Sana Sharma,62,1,29.2,50.3,B
STU00098,Dhruv Tiwari,78,3,42.5,50.5,B
STU00099,Dhruv Iyer,65,2,19.4,41.7,C
STU00100,Shreya Ghosh,71,2,30.1,51.2,B
STU00101,Gaurav Shah,62,1,36.9,67.7,B+
STU00102,Aryan Kapoor,89,4,48.9,73.7,A
STU00103,Vishal Reddy,89,4,25.4,37.1,F
STU00104,Vishal Shah,87,4,43.3,68.0,B+
STU00105,Varun Rao,59,1,32.8,69.6,B+
STU00106,Divya Mishra,96,5,23.4,48.0,C
STU00107,Faizan Gupta,93,4,38.4,62.5,B+
STU00108,Sneha Ghosh,95,5,50.0,82.0,A+
STU00109,Siddharth Dubey,82,3,25.6,46.0,C
STU00110,Aarav Bose,61,1,32.6,71.3,A
STU00111,Neha Mehta,63,1,24.9,42.9,C
STU00112,Aditya Singh,62,1,29.5,47.6,C
STU00113,Pooja Tiwari,66,2,47.0,72.5,A
STU00114,Mohan Nair,88,4,33.9,56.1,B
STU00115,Ananya Nair,87,4,48.8,73.4,A
STU00116,Tanvi Patel,77,3,45.2,76.3,A
STU00117,Arjun Sinha,78,3,32.0,39.7,F
STU00118,Sanika Malhotra,91,4,32.1,49.3,C
STU00119,Anjali Ghosh,89,4,28.3,51.2,B
STU00120,Sneha Ghosh,98,5,28.9,49.2,C
STU00121,Deepak Kumar,94,4,40.1,60.5,B+
STU00122,Zara Mehta,76,3,34.9,54.0,B
STU00123,Suresh Gupta,81,3,30.0,56.3,B
STU00124,Lakshmi Shah,89,4,22.5,26.3,F
STU00125,Varun Pandey,55,1,34.0,44.8,C
STU00126,Karan Dubey,89,4,32.2,44.1,C
STU00127,Sneha Ghosh,91,4,34.8,55.6,B
STU00128,Dhruv Chatterjee,68,2,37.0,48.3,C
STU00129,Ishaan Chatterjee,57,1,10.7,24.7,F
STU00130,Mohan Agarwal,55,1,19.2,23.3,F
STU00131,Zara Mukherjee,59,1,50.0,81.8,A+
STU00132,Pooja Chopra,80,3,30.9,44.8,C
STU00133,Siddharth Chopra,68,2,11.6,18.0,F
STU00134,Deepa Nair,93,4,23.8,25.3,F
STU00135,Kavya Patel,81,3,50.0,88.0,A+
STU00136,Nikhil Sharma,63,1,27.5,36.3,F
STU00137,Usha Pillai,69,2,44.8,63.2,B+
STU00138,Kavya Das,69,2,35.5,75.8,A
STU00139,Kavya Sharma,80,3,31.1,54.2,B
STU00140,Anjali Chatterjee,96,5,44.1,78.3,A
STU00141,Vishal Verma,67,2,12.7,24.0,F
STU00142,Kavya Patel,86,4,23.1,33.3,F
STU00143,Akash Kapoor,93,4,32.4,41.4,C
STU00144,Nikhil Patel,86,4,24.0,36.0,F
STU00145,Shreya Nair,58,1,28.1,37.1,F
STU00146,Mahesh Banerjee,84,3,43.6,62.4,B+
STU00147,Sanika Rao,91,4,37.8,47.8,C
STU00148,Sneha Kumar,77,3,47.2,76.4,A
STU00149,Dhruv Dubey,93,4,38.6,74.3,A
STU00150,Tanvi Das,99,5,46.3,78.5,A
STU00151,Sandeep Nair,69,2,33.8,53.2,B
STU00152,Sandeep Roy,97,5,31.9,50.7,B
STU00153,Ravi Rao,83,3,49.1,54.2,B
STU00154,Aryan Singh,90,4,30.1,44.8,C
STU00155,Zara Pandey,67,2,37.3,48.3,C
STU00156,Nisha Pandey,86,4,43.0,69.9,B+
STU00157,Ravi Chopra,61,1,41.2,63.8,B+
STU00158,Dhruv Verma,76,3,24.6,32.4,F
STU00159,Amrita Mukherjee,82,3,45.2,73.2,A
STU00160,Yash Singh,56,1,24.3,39.7,F
STU00161,Ananya Agarwal,96,5,44.4,83.2,A+
STU00162,Dhruv Joshi,99,5,42.2,73.0,A
STU00163,Aryan Nair,60,1,40.9,67.2,B+
STU00164,Ishaan Rao,82,3,24.9,32.3,F
STU00165,Sneha Chopra,82,3,41.0,57.0,B
STU00166,Deepak Pandey,98,5,47.1,80.2,A+
STU00167,Gaurav Iyer,98,5,39.0,60.8,B+
STU00168,Sana Nair,74,2,27.5,46.0,C
STU00169,Anjali Chopra,84,3,44.2,78.5,A
STU00170,Suresh Singh,65,2,35.0,43.9,C
STU00171,Ananya Mukherjee,82,3,20.6,44.1,C
STU00172,Sneha Malhotra,79,3,27.3,51.4,B
STU00173,Aarav Patel,93,4,32.1,34.9,F
STU00174,Faizan Kapoor,87,4,49.8,98.5,O
STU00175,Kishore Gupta,55,1,45.0,74.6,A
STU00176,Ravi Mehta,81,3,47.5,72.2,A
STU00177,Sandeep Rao,67,2,36.3,62.2,B+
STU00178,Rahul Tiwari,95,5,45.2,64.5,B+
STU00179,Ananya Gupta,57,1,22.9,41.0,C
STU00180,Priya Sharma,93,4,36.9,52.7,B
STU00181,Priya Iyer,60,1,37.6,76.3,A
STU00182,Sana Reddy,62,1,24.0,38.9,F
STU00183,Rohit Chatterjee,81,3,37.5,65.2,B+
STU00184,Dhruv Roy,63,1,49.0,72.1,A
STU00185,Suresh Banerjee,91,4,41.6,73.1,A
STU00186,Chetan Mehta,87,4,44.5,71.1,A
STU00187,Divya Rao,96,5,15.0,12.7,F
STU00188,Meera Rao,98,5,50.0,78.1,A
STU00189,Ananya Das,78,3,33.6,69.2,B+
STU00190,Esha Pillai,69,2,27.5,50.9,B
STU00191,Ananya Sinha,86,4,34.5,52.2,B
STU00192,Neha Verma,86,4,22.7,21.4,F
STU00193,Ananya Das,78,3,44.7,64.9,B+
STU00194,Sandeep Shah,95,5,34.0,43.1,C
STU00195,Siddharth Gupta,66,2,27.5,29.2,F
STU00196,Ananya Shah,93,4,35.3,62.8,B+
STU00197,Arjun Kapoor,56,1,43.2,69.6,B+
STU00198,Gaurav Patel,57,1,34.4,69.4,B+
STU00199,Varun Patel,91,4,23.9,30.3,F
STU00200,Amrita Kapoor,71,2,38.8,62.1,B+
STU00201,Kishore Agarwal,56,1,24.7,28.4,F
STU00202,Deepa Tiwari,56,1,13.7,17.2,F
STU00203,Tanvi Nair,82,3,49.2,76.9,A
STU00204,Usha Bose,77,3,39.3,59.9,B
STU00205,Akash Bose,91,4,35.9,57.9,B
STU00206,Arjun Pandey,86,4,33.0,60.6,B+
STU00207,Zara Das,87,4,48.8,85.0,A+
STU00208,Tanvi Shah,55,1,50.0,73.8,A
STU00209,Neha Dubey,73,2,38.8,61.8,B+
STU00210,Lakshmi Rao,56,1,23.8,44.4,C
STU00211,Zara Chatterjee,98,5,35.9,65.7,B+
STU00212,Neha Nair,80,3,39.4,57.8,B
STU00213,Lakshmi Agarwal,86,4,15.0,29.7,F
STU00214,Deepak Banerjee,60,1,36.5,61.0,B+
STU00215,Yash Reddy,86,4,40.0,55.5,B
STU00216,Sana Joshi,58,1,45.2,78.7,A
STU00217,Faizan Dubey,65,2,45.0,73.2,A
STU00218,Anjali Sharma,71,2,35.6,43.0,C
STU00219,Sana Bose,92,4,50.0,77.6,A
STU00220,Tanvi Singh,78,3,50.0,80.3,A+
STU00221,Anjali Pillai,59,1,33.7,49.1,C
STU00222,Karan Shah,88,4,40.1,74.0,A
STU00223,Lakshmi Kumar,60,1,17.6,38.3,F
STU00224,Nisha Tiwari,76,3,22.0,32.1,F
STU00225,Anjali Tiwari,65,2,26.5,38.5,F
STU00226,Kishore Mishra,70,2,30.5,47.8,C
STU00227,Meera Gupta,87,4,26.3,40.5,C
STU00228,Sakshi Malhotra,63,1,33.5,48.9,C
STU00229,Sneha Chatterjee,60,1,29.8,18.0,F
STU00230,Mohan Bose,70,2,44.1,84.6,A+
STU00231,Yash Shah,83,3,31.5,50.4,B
STU00232,Aarav Banerjee,57,1,12.6,18.7,F
STU00233,Suresh Reddy,74,2,36.0,60.2,B+
STU00234,Zara Singh,90,4,36.4,57.6,B
STU00235,Deepak Iyer,73,2,27.0,39.8,F
STU00236,Deepa Tiwari,80,3,36.4,50.2,B
STU00237,Aryan Sinha,57,1,23.5,22.9,F
STU00238,Suresh Kumar,73,2,37.8,49.6,C
STU00239,Mahesh Reddy,74,2,50.0,71.1,A
STU00240,Varun Rao,86,4,19.8,36.9,F
STU00241,Chetan Joshi,61,1,29.0,52.2,B
STU00242,Karan Banerjee,95,5,30.9,42.4,C
STU00243,Vishal Kapoor,87,4,32.3,30.4,F
STU00244,Lakshmi Shah,94,4,46.1,73.8,A
STU00245,Sanika Iyer,93,4,41.7,63.3,B+
STU00246,Ananya Patel,72,2,42.3,64.1,B+
STU00247,Vishal Pandey,94,4,37.2,67.2,B+
STU00248,Mahesh Verma,55,1,21.1,34.9,F
STU00249,Aarav Joshi,65,2,24.0,30.6,F
STU00250,Gargi Kumar,82,3,42.4,58.2,B
STU00251,Vishal Iyer,79,3,36.9,56.9,B
STU00252,Farhan Sinha,77,3,46.5,67.1,B+
STU00253,Sakshi Pillai,85,4,38.6,61.2,B+
STU00254,Chetan Pandey,84,3,25.3,48.7,C
STU00255,Suresh Sharma,96,5,32.4,40.8,C
STU00256,Deepa Patel,89,4,41.5,67.1,B+
STU00257,Bhavya Tiwari,61,1,40.0,71.3,A
STU00258,Divya Pillai,70,2,42.2,66.8,B+
STU00259,Akash Malhotra,80,3,26.1,47.5,C
STU00260,Pooja Das,56,1,22.3,33.4,F
STU00261,Suresh Kumar,55,1,31.3,51.4,B
STU00262,Rohit Kumar,66,2,47.1,78.9,A
STU00263,Akash Reddy,59,1,27.2,38.9,F
STU00264,Pooja Tiwari,91,4,40.7,81.0,A+
STU00265,Akash Tiwari,86,4,40.2,68.9,B+
STU00266,Nisha Rao,63,1,40.6,75.4,A
STU00267,Amrita Nair,95,5,50.0,88.6,A+
STU00268,Zara Singh,89,4,50.0,82.6,A+
STU00269,Nisha Ghosh,73,2,29.4,58.1,B
STU00270,Suresh Tiwari,70,2,15.6,26.5,F
STU00271,Ravi Bose,57,1,27.1,37.5,F
STU00272,Esha Kumar,74,2,35.6,57.1,B
STU00273,Kishore Kapoor,78,3,32.0,43.2,C
STU00274,Farhan Roy,87,4,50.0,63.2,B+
STU00275,Gaurav Tiwari,78,3,35.5,50.0,B
STU00276,Ravi Sharma,65,2,39.9,64.4,B+
STU00277,Gaurav Sinha,62,1,35.7,65.6,B+
STU00278,Nikhil Roy,90,4,33.4,46.6,C
STU00279,Ravi Roy,92,4,19.4,39.1,F
STU00280,Zara Kapoor,94,4,36.2,48.2,C
STU00281,Esha Roy,74,2,50.0,72.6,A
STU00282,Kishore Iyer,89,4,25.2,51.9,B
STU00283,Farhan Roy,79,3,19.1,30.9,F
STU00284,Bhavya Singh,89,4,50.0,78.6,A
STU00285,Priya Kapoor,79,3,42.1,69.2,B+
STU00286,Akash Kapoor,83,3,37.5,50.3,B
STU00287,Sandeep Nair,72,2,47.0,72.6,A
STU00288,Ishaan Malhotra,100,5,30.0,48.0,C
STU00289,Sana Mishra,72,2,33.7,63.8,B+
STU00290,Mohan Malhotra,56,1,41.7,53.4,B
STU00291,Kavya Nair,89,4,50.0,94.1,O
STU00292,Aditya Banerjee,70,2,24.0,37.4,F
STU00293,Ishaan Agarwal,95,5,48.5,68.7,B+
STU00294,Nikhil Iyer,90,4,39.9,53.5,B
STU00295,Anjali Ghosh,87,4,37.7,62.5,B+
STU00296,Mahesh Mishra,58,1,33.2,42.3,C
STU00297,Yash Shah,87,4,23.7,33.4,F
STU00298,Rahul Banerjee,68,2,43.0,66.8,B+
STU00299,Sneha Joshi,75,3,28.0,53.9,B
STU00300,Aditya Singh,74,2,25.2,48.5,C
STU00301,Lakshmi Gupta,62,1,41.7,61.6,B+
STU00302,Usha Iyer,61,1,40.7,63.4,B+
STU00303,Akash Singh,57,1,33.9,41.5,C
STU00304,Varun Pandey,71,2,44.3,54.6,B
STU00305,Nisha Sinha,87,4,49.0,68.6,B+
STU00306,Neha Pandey,66,2,45.9,82.4,A+
STU00307,Varun Shah,76,3,30.3,54.7,B
STU00308,Deepa Agarwal,76,3,44.2,73.8,A
STU00309,Tanvi Rao,100,5,39.4,51.4,B
STU00310,Lakshmi Verma,84,3,50.0,74.3,A
STU00311,Chetan Pandey,92,4,35.6,50.1,B
STU00312,Aarav Shah,92,4,33.5,52.3,B
STU00313,Sneha Banerjee,99,5,31.9,49.2,C
STU00314,Dhruv Sinha,62,1,35.4,48.6,C
STU00315,Esha Banerjee,81,3,39.8,66.5,B+
STU00316,Ishaan Mishra,81,3,40.0,65.8,B+
STU00317,Rohit Patel,88,4,39.4,57.2,B
STU00318,Zara Dubey,75,3,41.0,68.0,B+
STU00319,Nikhil Bose,84,3,33.9,63.2,B+
STU00320,Neha Banerjee,87,4,28.3,56.7,B
STU00321,Deepa Sinha,82,3,27.1,47.3,C
STU00322,Mohan Shah,87,4,45.0,75.7,A
STU00323,Mohan Banerjee,59,1,37.6,58.2,B
STU00324,Ravi Joshi,73,2,18.1,37.2,F
STU00325,Rahul Chatterjee,58,1,43.2,60.6,B+
STU00326,Meera Pillai,89,4,50.0,87.3,A+
STU00327,Deepak Rao,71,2,28.2,42.8,C
STU00328,Ravi Banerjee,98,5,40.3,76.4,A
STU00329,Priya Banerjee,82,3,31.4,54.9,B
STU00330,Esha Tiwari,84,3,41.6,66.0,B+
STU00331,Gaurav Bose,83,3,25.3,38.6,F
STU00332,Tanvi Reddy,100,5,36.9,63.2,B+
STU00333,Rahul Pillai,60,1,42.3,71.5,A
STU00334,Aarav Reddy,89,4,47.5,72.8,A
STU00335,Meera Rao,95,5,40.8,66.0,B+
STU00336,Rohit Roy,91,4,33.5,60.8,B+
STU00337,Usha Bose,78,3,21.0,22.7,F
STU00338,Yash Joshi,83,3,29.0,52.2,B
STU00339,Sana Chopra,100,5,33.3,57.4,B
STU00340,Sakshi Banerjee,85,4,29.7,57.0,B
STU00341,Karan Shah,89,4,36.9,53.3,B
STU00342,Sandeep Roy,87,4,33.1,53.0,B
STU00343,Esha Gupta,75,3,36.5,60.0,B+
STU00344,Zara Patel,86,4,46.9,81.0,A+
STU00345,Meera Shah,77,3,31.5,53.8,B
STU00346,Zara Mukherjee,87,4,23.8,28.2,F
STU00347,Vikram Joshi,57,1,26.9,45.4,C
STU00348,Arjun Malhotra,72,2,40.0,80.0,A+
STU00349,Faizan Nair,79,3,41.5,71.3,A
STU00350,Amrita Reddy,96,5,40.8,78.4,A
STU00351,Kavya Roy,85,4,47.7,84.7,A+
STU00352,Ishaan Kumar,57,1,31.5,61.3,B+
STU00353,Aditya Verma,94,4,50.0,82.5,A+
STU00354,Kishore Mehta,100,5,44.9,76.0,A
STU00355,Vikram Kapoor,78,3,12.6,22.2,F
STU00356,Gargi Patel,86,4,50.0,80.0,A+
STU00357,Sana Pandey,76,3,28.2,51.1,B
STU00358,Vishal Das,77,3,25.9,37.3,F
STU00359,Ishaan Chatterjee,56,1,37.8,75.6,A
STU00360,Bhavya Agarwal,81,3,20.0,24.6,F
STU00361,Sanika Agarwal,96,5,30.8,55.8,B
STU00362,Kishore Kumar,56,1,47.1,86.4,A+
STU00363,Yash Chatterjee,80,3,40.5,63.4,B+
STU00364,Aarav Tiwari,71,2,41.9,58.1,B
STU00365,Faizan Kapoor,94,4,31.0,58.8,B
STU00366,Gargi Tiwari,87,4,22.4,37.5,F
STU00367,Aryan Ghosh,63,1,40.2,70.8,A
STU00368,Rohit Nair,97,5,45.6,72.1,A
STU00369,Gaurav Roy,93,4,44.8,85.5,A+
STU00370,Bhavya Shah,83,3,37.7,43.4,C
STU00371,Sana Verma,96,5,28.4,48.4,C
STU00372,Suresh Nair,80,3,50.0,90.7,O
STU00373,Deepa Chopra,89,4,40.7,66.0,B+
STU00374,Deepak Roy,79,3,33.8,56.5,B
STU00375,Sana Banerjee,78,3,33.8,50.6,B
STU00376,Siddharth Pillai,67,2,35.5,57.0,B
STU00377,Varun Joshi,61,1,43.2,55.7,B
STU00378,Faizan Tiwari,90,4,38.2,55.4,B
STU00379,Sakshi Bose,99,5,45.1,65.9,B+
STU00380,Dhruv Tiwari,74,2,36.3,63.4,B+
STU00381,Shreya Pandey,55,1,32.0,46.6,C
STU00382,Suresh Chopra,62,1,39.5,58.9,B
STU00383,Farhan Sinha,100,5,42.9,65.6,B+
STU00384,Sandeep Chopra,70,2,33.0,46.8,C
STU00385,Lakshmi Ghosh,68,2,27.6,46.3,C
STU00386,Kishore Malhotra,66,2,37.2,62.5,B+
STU00387,Vishal Iyer,77,3,35.9,64.0,B+
STU00388,Gargi Ghosh,69,2,29.4,52.3,B
STU00389,Siddharth Mehta,82,3,28.1,49.4,C
STU00390,Vishal Nair,88,4,40.0,61.4,B+
STU00391,Mahesh Chopra,56,1,38.1,57.8,B
STU00392,Anjali Chatterjee,86,4,32.9,45.7,C
STU00393,Meera Nair,77,3,30.0,40.9,C
STU00394,Mahesh Joshi,76,3,27.6,45.7,C
STU00395,Neha Tiwari,79,3,38.8,56.3,B
STU00396,Sneha Patel,76,3,27.9,56.4,B
STU00397,Deepak Kumar,76,3,50.0,79.7,A
STU00398,Kavya Agarwal,96,5,33.4,65.5,B+
STU00399,Bhavya Kumar,60,1,11.7,23.3,F
STU00400,Chetan Rao,69,2,34.1,48.3,C
STU00401,Anjali Pandey,97,5,36.5,57.9,B
STU00402,Ravi Joshi,91,4,46.6,61.2,B+
STU00403,Sneha Chopra,87,4,38.8,63.6,B+
STU00404,Ravi Verma,62,1,26.2,36.4,F
STU00405,Karan Malhotra,98,5,34.7,46.6,C
STU00406,Ravi Agarwal,98,5,40.2,76.5,A
STU00407,Gargi Das,59,1,13.9,30.5,F
STU00408,Bhavya Sharma,93,4,48.8,86.1,A+
STU00409,Faizan Das,58,1,25.8,47.5,C
STU00410,Priya Mehta,60,1,46.3,64.2,B+
STU00411,Aarav Mishra,99,5,40.9,62.2,B+
STU00412,Mohan Ghosh,86,4,41.8,64.2,B+
STU00413,Priya Kapoor,84,3,46.2,60.2,B+
STU00414,Ravi Pillai,89,4,41.6,62.1,B+
STU00415,Esha Sinha,94,4,43.0,64.4,B+
STU00416,Sneha Roy,70,2,33.0,53.8,B
STU00417,Varun Tiwari,67,2,37.5,80.3,A+
STU00418,Kavya Mehta,96,5,31.8,50.7,B
STU00419,Kavya Iyer,84,3,32.8,53.5,B
STU00420,Rohit Mehta,73,2,50.0,78.0,A
STU00421,Aditya Agarwal,71,2,27.3,49.6,C
STU00422,Nikhil Banerjee,73,2,36.2,49.3,C
STU00423,Amrita Roy,82,3,36.7,73.9,A
STU00424,Rahul Sinha,80,3,32.7,51.3,B
STU00425,Farhan Malhotra,91,4,41.2,62.8,B+
STU00426,Sana Dubey,80,3,40.8,73.0,A
STU00427,Deepak Bose,77,3,26.9,35.9,F
STU00428,Sneha Sharma,63,1,34.7,61.3,B+
STU00429,Rahul Das,66,2,24.4,50.3,B
STU00430,Tanvi Banerjee,55,1,40.1,62.2,B+
STU00431,Aditya Patel,55,1,34.6,71.8,A
STU00432,Yash Pandey,88,4,37.0,64.4,B+
STU00433,Deepak Kapoor,86,4,42.0,72.5,A
STU00434,Sana Gupta,79,3,32.9,63.6,B+
STU00435,Ananya Iyer,94,4,45.1,85.2,A+
STU00436,Priya Joshi,99,5,28.9,48.3,C
STU00437,Karan Chopra,55,1,45.7,79.5,A
STU00438,Neha Joshi,70,2,29.5,58.4,B
STU00439,Faizan Tiwari,93,4,21.5,25.1,F
STU00440,Priya Iyer,59,1,30.4,34.8,F
STU00441,Faizan Malhotra,76,3,31.1,49.3,C
STU00442,Ravi Iyer,83,3,32.8,38.5,F
STU00443,Arjun Mehta,57,1,35.3,54.0,B
STU00444,Aditya Sinha,66,2,44.0,72.9,A
STU00445,Sneha Verma,80,3,33.8,51.9,B
STU00446,Nisha Nair,70,2,28.3,44.1,C
STU00447,Yash Patel,91,4,26.5,34.4,F
STU00448,Gargi Mukherjee,76,3,30.9,55.7,B
STU00449,Akash Ghosh,83,3,18.8,21.6,F
STU00450,Aditya Nair,68,2,27.8,27.7,F
STU00451,Ishaan Malhotra,82,3,46.9,73.4,A
STU00452,Aditya Bose,59,1,26.0,48.9,C
STU00453,Divya Nair,84,3,41.6,67.2,B+
STU00454,Deepak Mehta,100,5,26.5,33.1,F
STU00455,Zara Singh,59,1,49.3,79.7,A
STU00456,Tanvi Rao,66,2,50.0,83.5,A+
STU00457,Sana Chatterjee,70,2,39.8,64.4,B+
STU00458,Lakshmi Ghosh,80,3,50.0,77.9,A
STU00459,Pooja Gupta,80,3,38.7,65.8,B+
STU00460,Varun Bose,75,3,41.9,53.1,B
STU00461,Esha Chatterjee,93,4,48.2,70.0,A
STU00462,Deepa Ghosh,90,4,38.1,50.5,B
STU00463,Farhan Reddy,87,4,22.2,46.3,C
STU00464,Aryan Das,84,3,43.0,74.5,A
STU00465,Aditya Dubey,91,4,32.4,53.3,B
STU00466,Mohan Das,77,3,31.6,39.0,F
STU00467,Amrita Dubey,64,1,36.6,64.5,B+
STU00468,Priya Agarwal,59,1,38.5,72.7,A
STU00469,Chetan Rao,90,4,37.9,65.2,B+
STU00470,Anjali Das,88,4,42.0,66.9,B+
STU00471,Bhavya Malhotra,85,4,29.6,52.4,B
STU00472,Vishal Nair,64,1,33.5,55.8,B
STU00473,Aryan Chatterjee,73,2,42.4,75.2,A
STU00474,Gargi Reddy,86,4,50.0,87.2,A+
STU00475,Amrita Bose,55,1,50.0,78.2,A
STU00476,Deepa Roy,59,1,37.3,54.4,B
STU00477,Tanvi Roy,99,5,45.0,68.8,B+
STU00478,Akash Mishra,58,1,50.0,84.3,A+
STU00479,Sneha Pandey,70,2,28.5,42.9,C
STU00480,Zara Mishra,78,3,41.0,59.6,B
STU00481,Anjali Shah,70,2,41.4,66.2,B+
STU00482,Yash Joshi,56,1,46.1,82.6,A+
STU00483,Aarav Kapoor,82,3,25.5,41.9,C
STU00484,Ravi Malhotra,86,4,27.6,42.0,C
STU00485,Sanika Singh,81,3,35.8,59.8,B
STU00486,Rohit Mishra,74,2,38.3,62.0,B+
STU00487,Vishal Tiwari,78,3,45.4,57.2,B
STU00488,Sana Chatterjee,66,2,38.8,67.7,B+
STU00489,Divya Pandey,89,4,35.0,59.3,B
STU00490,Gaurav Sinha,87,4,39.9,64.0,B+
STU00491,Siddharth Mukherjee,87,4,38.9,70.7,A
STU00492,Mahesh Bose,97,5,50.0,89.7,A+
STU00493,Sneha Ghosh,91,4,38.1,67.4,B+
STU00494,Sandeep Chopra,66,2,30.7,42.3,C
STU00495,Rohit Malhotra,57,1,37.2,53.0,B
STU00496,Dhruv Das,55,1,34.8,64.6,B+
STU00497,Mahesh Joshi,87,4,22.1,20.3,F
STU00498,Kishore Malhotra,94,4,36.8,57.7,B
STU00499,Arjun Iyer,64,1,33.0,56.3,B
STU00500,Sakshi Nair,97,5,32.3,37.7,F
STU00501,Faizan Chopra,98,5,46.6,76.4,A
STU00502,Tanvi Bose,83,3,28.7,53.6,B
STU00503,Zara Agarwal,67,2,38.3,49.4,C
STU00504,Nikhil Sharma,66,2,32.8,65.7,B+
STU00505,Sanika Kapoor,85,4,37.0,51.1,B
STU00506,Neha Gupta,100,5,41.2,70.5,A
STU00507,Sanika Rao,56,1,21.3,33.4,F
STU00508,Nisha Roy,89,4,38.1,61.5,B+
STU00509,Lakshmi Joshi,77,3,50.0,69.7,B+
STU00510,Mahesh Tiwari,71,2,20.6,43.0,C
STU00511,Varun Chatterjee,80,3,35.0,58.6,B
STU00512,Mahesh Pillai,62,1,43.8,83.0,A+
STU00513,Aarav Shah,83,3,38.5,51.5,B
STU00514,Ishaan Patel,80,3,41.7,65.3,B+
STU00515,Kishore Sinha,64,1,12.5,21.7,F
STU00516,Ravi Mehta,80,3,40.9,65.9,B+
STU00517,Suresh Ghosh,88,4,29.4,52.4,B
STU00518,Kishore Chatterjee,95,5,39.8,62.1,B+
STU00519,Sandeep Mukherjee,61,1,33.3,70.3,A
STU00520,Chetan Mehta,58,1,50.0,80.3,A+
STU00521,Sakshi Roy,99,5,42.3,44.6,C
STU00522,Aditya Patel,65,2,33.0,53.5,B
STU00523,Meera Nair,83,3,22.2,45.6,C
STU00524,Rahul Chatterjee,90,4,37.6,52.8,B
STU00525,Kishore Reddy,79,3,42.8,60.6,B+
STU00526,Zara Das,75,3,34.3,48.2,C
STU00527,Pooja Mehta,90,4,31.9,42.4,C
STU00528,Suresh Shah,64,1,28.7,42.1,C
STU00529,Nisha Pandey,91,4,41.4,73.5,A
STU00530,Esha Pillai,63,1,40.6,77.2,A
STU00531,Nikhil Mishra,78,3,47.6,56.8,B
STU00532,Bhavya Chopra,89,4,27.4,40.8,C
STU00533,Mahesh Reddy,89,4,41.1,68.2,B+
STU00534,Lakshmi Nair,90,4,35.4,58.3,B
STU00535,Deepa Sinha,72,2,33.9,69.4,B+
STU00536,Ishaan Joshi,93,4,40.4,48.6,C
STU00537,Deepa Sinha,86,4,39.8,43.0,C
STU00538,Sneha Ghosh,78,3,40.1,80.7,A+
STU00539,Bhavya Gupta,77,3,25.7,47.1,C
STU00540,Ishaan Rao,86,4,29.4,42.5,C
STU00541,Esha Mehta,91,4,50.0,81.4,A+
STU00542,Mahesh Sinha,66,2,32.1,53.3,B
STU00543,Usha Ghosh,67,2,37.0,54.4,B
STU00544,Siddharth Bose,77,3,44.7,72.7,A
STU00545,Meera Singh,79,3,39.6,66.2,B+
STU00546,Ishaan Reddy,89,4,41.3,82.2,A+
STU00547,Kavya Mishra,95,5,45.1,79.9,A
STU00548,Gaurav Reddy,84,3,16.9,41.0,C
STU00549,Aarav Chatterjee,71,2,30.2,37.6,F
STU00550,Sneha Kumar,74,2,39.1,59.8,B
STU00551,Mahesh Verma,79,3,47.9,78.6,A
STU00552,Ananya Pillai,76,3,35.7,41.8,C
STU00553,Meera Chatterjee,67,2,26.6,52.0,B
STU00554,Deepak Mukherjee,73,2,27.4,49.0,C
STU00555,Faizan Mehta,90,4,44.5,68.3,B+
STU00556,Aryan Kapoor,66,2,32.1,49.9,C
STU00557,Aarav Das,95,5,36.9,69.1,B+
STU00558,Meera Mehta,73,2,40.3,58.1,B
STU00559,Sandeep Chopra,66,2,8.0,23.2,F
STU00560,Nikhil Gupta,63,1,50.0,78.0,A
STU00561,Ananya Iyer,61,1,27.0,49.2,C
STU00562,Sandeep Singh,82,3,37.9,61.3,B+
STU00563,Anjali Agarwal,68,2,19.0,48.3,C
STU00564,Sanika Patel,85,4,32.2,44.4,C
STU00565,Tanvi Mukherjee,73,2,46.0,69.0,B+
STU00566,Amrita Verma,70,2,17.3,15.6,F
STU00567,Divya Kumar,59,1,43.5,60.8,B+
STU00568,Tanvi Reddy,89,4,33.9,59.9,B
STU00569,Arjun Nair,66,2,38.5,74.4,A
STU00570,Deepa Pillai,79,3,41.3,72.7,A
STU00571,Faizan Pandey,75,3,39.0,62.4,B+
STU00572,Varun Bose,90,4,28.7,38.8,F
STU00573,Vikram Nair,77,3,31.9,58.2,B
STU00574,Gargi Shah,70,2,21.3,26.5,F
STU00575,Priya Chopra,93,4,41.2,55.1,B
STU00576,Sakshi Reddy,99,5,50.0,77.5,A
STU00577,Usha Pandey,96,5,20.7,16.8,F
STU00578,Mohan Das,93,4,29.9,36.8,F
STU00579,Vikram Verma,68,2,32.7,67.4,B+
STU00580,Vikram Sinha,85,4,37.6,47.6,C
STU00581,Aryan Ghosh,59,1,41.3,56.6,B
STU00582,Karan Mukherjee,89,4,35.0,56.6,B
STU00583,Karan Iyer,77,3,32.4,52.8,B
STU00584,Zara Patel,83,3,45.7,71.2,A
STU00585,Farhan Nair,97,5,43.2,53.1,B
STU00586,Gaurav Pillai,65,2,38.9,69.0,B+
STU00587,Anjali Gupta,72,2,35.7,53.6,B
STU00588,Aarav Pandey,66,2,42.9,78.4,A
STU00589,Sakshi Chatterjee,63,1,27.9,39.5,F
STU00590,Varun Mehta,64,1,26.8,50.7,B
STU00591,Meera Verma,98,5,44.0,80.8,A+
STU00592,Kavya Reddy,71,2,20.0,28.3,F
STU00593,Chetan Reddy,92,4,37.5,67.0,B+
STU00594,Bhavya Kapoor,61,1,30.8,38.7,F
STU00595,Sana Patel,100,5,24.8,41.8,C
STU00596,Amrita Nair,67,2,25.8,51.1,B
STU00597,Lakshmi Roy,94,4,35.9,61.6,B+
STU00598,Vishal Das,96,5,46.4,93.5,O
STU00599,Zara Roy,63,1,27.9,49.2,C
STU00600,Ishaan Pandey,81,3,46.5,71.5,A
STU00601,Deepa Pillai,56,1,33.7,76.6,A
STU00602,Kavya Mukherjee,59,1,45.2,85.4,A+
STU00603,Divya Dubey,83,3,30.4,35.8,F
STU00604,Mahesh Malhotra,91,4,36.2,51.6,B
STU00605,Divya Patel,92,4,40.0,55.7,B
STU00606,Ananya Gupta,73,2,33.2,58.3,B
STU00607,Mohan Bose,62,1,42.3,72.2,A
STU00608,Esha Malhotra,99,5,17.5,32.5,F
STU00609,Tanvi Dubey,55,1,50.0,67.0,B+
STU00610,Meera Chopra,76,3,42.8,63.4,B+
STU00611,Deepa Chopra,71,2,33.0,51.6,B
STU00612,Bhavya Reddy,61,1,28.6,31.2,F
STU00613,Bhavya Agarwal,79,3,27.6,37.2,F
STU00614,Mahesh Shah,99,5,43.2,80.0,A+
STU00615,Sneha Mehta,58,1,42.3,55.2,B
STU00616,Sakshi Patel,90,4,35.0,67.6,B+
STU00617,Varun Verma,60,1,43.5,78.3,A
STU00618,Rohit Sinha,85,4,27.8,42.2,C
STU00619,Neha Bose,73,2,25.0,34.8,F
STU00620,Lakshmi Sharma,98,5,50.0,86.7,A+
STU00621,Arjun Nair,93,4,42.1,61.1,B+
STU00622,Amrita Malhotra,81,3,48.2,71.2,A
STU00623,Tanvi Das,64,1,26.2,41.7,C
STU00624,Aditya Ghosh,80,3,27.2,26.5,F
STU00625,Amrita Malhotra,73,2,31.6,39.0,F
STU00626,Mahesh Das,93,4,29.4,44.5,C
STU00627,Akash Ghosh,57,1,39.5,67.0,B+
STU00628,Faizan Gupta,99,5,30.6,42.5,C
STU00629,Sandeep Shah,67,2,23.7,36.3,F
STU00630,Yash Chopra,82,3,37.0,46.3,C
STU00631,Mahesh Gupta,74,2,23.3,44.7,C
STU00632,Usha Pandey,82,3,19.5,33.0,F
STU00633,Vishal Malhotra,62,1,34.9,58.3,B
STU00634,Sanika Patel,95,5,21.3,38.0,F
STU00635,Sandeep Mishra,93,4,43.8,70.7,A
STU00636,Ravi Joshi,55,1,20.4,28.8,F
STU00637,Neha Banerjee,57,1,13.0,29.8,F
STU00638,Aryan Kapoor,67,2,31.6,51.8,B
STU00639,Farhan Joshi,82,3,37.0,57.9,B
STU00640,Ravi Chatterjee,79,3,39.8,63.6,B+
STU00641,Sanika Reddy,87,4,37.7,60.1,B+
STU00642,Zara Agarwal,92,4,27.2,42.1,C
STU00643,Faizan Pillai,60,1,39.9,67.4,B+
STU00644,Akash Chopra,98,5,45.9,66.0,B+
STU00645,Arjun Joshi,99,5,26.5,35.5,F
STU00646,Lakshmi Joshi,86,4,34.5,59.7,B
STU00647,Deepa Ghosh,99,5,34.9,54.7,B
STU00648,Rahul Kapoor,75,3,37.0,67.0,B+
STU00649,Shreya Malhotra,70,2,32.7,55.6,B
STU00650,Aarav Banerjee,75,3,34.4,50.6,B
STU00651,Sneha Chopra,65,2,39.8,68.3,B+
STU00652,Ravi Verma,91,4,26.6,52.1,B
STU00653,Ishaan Shah,90,4,43.1,72.5,A
STU00654,Pooja Bose,89,4,46.7,80.0,A+
STU00655,Faizan Mehta,73,2,49.5,77.8,A
STU00656,Vishal Chopra,74,2,15.6,32.9,F
STU00657,Faizan Verma,72,2,33.1,48.3,C
STU00658,Karan Iyer,95,5,19.3,33.6,F
STU00659,Suresh Kumar,68,2,12.4,40.4,C
STU00660,Meera Chopra,69,2,35.7,61.4,B+
STU00661,Bhavya Mehta,85,4,32.4,48.5,C
STU00662,Deepa Sharma,55,1,35.7,53.7,B
STU00663,Vishal Bose,57,1,37.6,59.6,B
STU00664,Kishore Chatterjee,70,2,45.7,79.9,A
STU00665,Farhan Reddy,77,3,35.7,58.3,B
STU00666,Suresh Sharma,65,2,50.0,74.8,A
STU00667,Suresh Pandey,66,2,36.9,53.8,B
STU00668,Arjun Nair,64,1,50.0,81.2,A+
STU00669,Deepa Chopra,86,4,15.1,24.5,F
STU00670,Deepa Mukherjee,70,2,46.6,78.2,A
STU00671,Divya Mehta,62,1,32.1,58.7,B
STU00672,Chetan Reddy,92,4,19.2,52.5,B
STU00673,Shreya Chatterjee,66,2,37.9,48.9,C
STU00674,Mahesh Pandey,78,3,32.6,57.7,B
STU00675,Sandeep Mehta,82,3,40.9,66.2,B+
STU00676,Kishore Chopra,62,1,42.8,53.7,B
STU00677,Suresh Kumar,82,3,22.3,45.7,C
STU00678,Priya Rao,90,4,45.6,76.3,A
STU00679,Varun Shah,80,3,35.6,63.4,B+
STU00680,Esha Tiwari,62,1,45.9,59.8,B
STU00681,Deepak Kapoor,82,3,33.9,52.5,B
STU00682,Anjali Iyer,82,3,31.5,41.8,C
STU00683,Gargi Roy,91,4,36.8,76.2,A
STU00684,Ravi Joshi,95,5,37.9,69.8,B+
STU00685,Shreya Iyer,90,4,30.5,43.4,C
STU00686,Aarav Reddy,81,3,31.1,37.5,F
STU00687,Dhruv Reddy,71,2,23.6,39.3,F
STU00688,Usha Das,63,1,29.9,56.6,B
STU00689,Zara Mehta,87,4,42.3,53.8,B
STU00690,Divya Chopra,74,2,33.7,46.5,C
STU00691,Sneha Mehta,67,2,43.3,60.4,B+
STU00692,Nisha Joshi,82,3,34.0,61.3,B+
STU00693,Suresh Ghosh,83,3,22.9,33.7,F
STU00694,Sneha Agarwal,67,2,39.6,60.7,B+
STU00695,Sana Dubey,100,5,31.4,51.6,B
STU00696,Neha Kapoor,89,4,34.3,47.9,C
STU00697,Ishaan Chatterjee,60,1,44.6,59.8,B
STU00698,Kishore Das,72,2,24.3,49.8,C
STU00699,Priya Nair,59,1,34.9,67.5,B+
STU00700,Gargi Pandey,79,3,35.0,57.4,B
STU00701,Akash Joshi,56,1,39.4,65.1,B+
STU00702,Esha Mehta,64,1,41.6,76.6,A
STU00703,Chetan Dubey,84,3,38.3,62.5,B+
STU00704,Priya Agarwal,99,5,34.2,51.4,B
STU00705,Zara Roy,59,1,37.7,60.6,B+
STU00706,Yash Kumar,87,4,48.2,88.3,A+
STU00707,Sanika Verma,55,1,32.8,52.9,B
STU00708,Deepak Shah,72,2,32.3,46.3,C
STU00709,Usha Joshi,86,4,39.6,64.5,B+
STU00710,Aryan Kapoor,65,2,34.3,60.1,B+
STU00711,Sakshi Singh,75,3,23.0,41.1,C
STU00712,Siddharth Dubey,80,3,37.7,64.7,B+
STU00713,Sana Sharma,79,3,23.3,30.7,F
STU00714,Dhruv Kumar,76,3,38.5,67.8,B+
STU00715,Ravi Kapoor,81,3,28.4,45.7,C
STU00716,Yash Kumar,67,2,34.5,49.5,C
STU00717,Anjali Mehta,87,4,39.7,69.6,B+
STU00718,Lakshmi Joshi,88,4,50.0,76.4,A
STU00719,Vikram Chatterjee,95,5,43.7,57.3,B
STU00720,Rahul Mukherjee,89,4,48.7,69.9,B+
STU00721,Arjun Kapoor,55,1,49.8,78.2,A
STU00722,Nikhil Kapoor,75,3,39.4,67.7,B+
STU00723,Amrita Kapoor,60,1,36.1,50.8,B
STU00724,Sneha Agarwal,82,3,26.1,39.8,F
STU00725,Neha Mukherjee,71,2,33.6,44.0,C
STU00726,Chetan Tiwari,59,1,26.9,50.9,B
STU00727,Faizan Mehta,85,4,32.4,65.6,B+
STU00728,Sneha Verma,59,1,50.0,92.9,O
STU00729,Vikram Patel,92,4,37.7,68.0,B+
STU00730,Kishore Mukherjee,57,1,25.3,47.4,C
STU00731,Amrita Dubey,77,3,47.6,59.6,B
STU00732,Meera Nair,91,4,45.2,73.7,A
STU00733,Esha Patel,91,4,45.7,69.2,B+
STU00734,Rohit Singh,64,1,15.8,32.3,F
STU00735,Faizan Mukherjee,64,1,50.0,59.7,B
STU00736,Chetan Kapoor,73,2,29.8,49.2,C
STU00737,Aryan Chopra,71,2,41.6,64.8,B+
STU00738,Farhan Chatterjee,75,3,50.0,88.9,A+
STU00739,Mohan Tiwari,68,2,50.0,92.4,O
STU00740,Aditya Verma,63,1,25.0,32.6,F
STU00741,Neha Roy,100,5,24.5,32.1,F
STU00742,Ananya Reddy,55,1,45.9,75.3,A
STU00743,Nisha Mishra,99,5,38.7,75.8,A
STU00744,Rohit Kumar,67,2,29.7,48.0,C
STU00745,Kishore Shah,58,1,38.9,52.0,B
STU00746,Ravi Das,55,1,31.5,45.6,C
STU00747,Amrita Roy,94,4,43.2,70.7,A
STU00748,Gaurav Gupta,86,4,36.7,60.6,B+
STU00749,Gaurav Patel,88,4,42.8,62.8,B+
STU00750,Vikram Kapoor,82,3,27.6,39.2,F
STU00751,Priya Bose,85,4,48.8,70.2,A
STU00752,Amrita Nair,62,1,40.0,73.1,A
STU00753,Sanika Dubey,93,4,42.6,61.5,B+
STU00754,Usha Kumar,80,3,25.4,36.9,F
STU00755,Kavya Chopra,88,4,50.0,76.1,A
STU00756,Vishal Iyer,57,1,33.1,40.1,C
STU00757,Sana Iyer,66,2,40.7,58.2,B
STU00758,Zara Sharma,55,1,30.1,58.0,B
STU00759,Sana Tiwari,98,5,39.6,53.7,B
STU00760,Meera Banerjee,59,1,36.1,50.1,B
STU00761,Sneha Gupta,84,3,10.5,6.1,F
STU00762,Anjali Chopra,84,3,41.1,65.0,B+
STU00763,Nisha Das,71,2,50.0,95.1,O
STU00764,Mohan Mukherjee,77,3,40.1,63.1,B+
STU00765,Rohit Chatterjee,69,2,25.8,41.8,C
STU00766,Lakshmi Chopra,91,4,42.4,61.5,B+
STU00767,Mohan Rao,75,3,44.5,70.7,A
STU00768,Priya Kapoor,68,2,38.9,72.1,A
STU00769,Sandeep Singh,56,1,32.4,53.0,B
STU00770,Kishore Agarwal,65,2,31.8,67.9,B+
STU00771,Tanvi Mishra,93,4,34.6,65.4,B+
STU00772,Tanvi Reddy,92,4,43.0,68.1,B+
STU00773,Bhavya Reddy,88,4,23.6,36.9,F
STU00774,Aditya Malhotra,92,4,33.4,66.5,B+
STU00775,Zara Agarwal,88,4,50.0,81.1,A+
STU00776,Mahesh Sharma,72,2,49.4,90.3,O
STU00777,Tanvi Kapoor,84,3,22.6,52.2,B
STU00778,Amrita Ghosh,69,2,24.2,37.1,F
STU00779,Esha Verma,81,3,33.2,55.9,B
STU00780,Varun Sinha,88,4,44.3,78.7,A
STU00781,Sanika Malhotra,92,4,20.3,38.6,F
STU00782,Meera Ghosh,87,4,35.7,63.2,B+
STU00783,Kavya Bose,78,3,31.0,38.9,F
STU00784,Nisha Nair,69,2,46.3,67.3,B+
STU00785,Vishal Rao,84,3,20.8,29.3,F
STU00786,Vikram Iyer,96,5,37.9,70.4,A
STU00787,Amrita Ghosh,71,2,31.1,39.9,F
STU00788,Dhruv Ghosh,59,1,46.6,86.7,A+
STU00789,Zara Banerjee,83,3,41.2,72.2,A
STU00790,Deepak Mukherjee,58,1,28.0,54.0,B
STU00791,Aryan Tiwari,64,1,41.6,59.1,B
STU00792,Vishal Mukherjee,71,2,31.1,50.3,B
STU00793,Akash Reddy,64,1,42.9,71.0,A
STU00794,Sakshi Verma,71,2,32.5,54.0,B
STU00795,Usha Mishra,74,2,44.4,73.4,A
STU00796,Dhruv Kumar,78,3,39.2,60.5,B+
STU00797,Arjun Dubey,59,1,50.0,81.1,A+
STU00798,Meera Joshi,88,4,35.8,65.5,B+
STU00799,Esha Pandey,60,1,36.9,49.7,C
STU00800,Gaurav Rao,56,1,28.8,58.5,B
STU00801,Deepak Roy,67,2,34.2,62.6,B+
STU00802,Sneha Tiwari,97,5,12.9,12.9,F
STU00803,Pooja Shah,97,5,41.4,69.3,B+
STU00804,Shreya Dubey,65,2,46.1,81.0,A+
STU00805,Mahesh Malhotra,77,3,38.8,52.2,B
STU00806,Farhan Iyer,70,2,22.7,36.7,F
STU00807,Sandeep Roy,85,4,28.8,45.5,C
STU00808,Meera Sinha,65,2,12.1,14.2,F
STU00809,Nikhil Roy,70,2,43.3,70.0,A
STU00810,Deepa Chopra,62,1,24.6,34.6,F
STU00811,Anjali Kumar,58,1,33.0,63.8,B+
STU00812,Faizan Nair,94,4,35.5,51.8,B
STU00813,Amrita Sinha,58,1,46.7,81.1,A+
STU00814,Amrita Agarwal,79,3,36.2,44.7,C
STU00815,Suresh Mishra,57,1,40.5,63.5,B+
STU00816,Arjun Roy,86,4,41.0,65.7,B+
STU00817,Rahul Sharma,57,1,45.4,71.1,A
STU00818,Lakshmi Pillai,81,3,33.4,50.3,B
STU00819,Deepa Chopra,83,3,50.0,74.7,A
STU00820,Pooja Banerjee,86,4,18.2,35.2,F
STU00821,Esha Banerjee,73,2,42.5,76.0,A
STU00822,Lakshmi Das,75,3,27.2,42.9,C
STU00823,Priya Malhotra,59,1,29.0,37.6,F
STU00824,Vishal Mishra,72,2,39.8,78.0,A
STU00825,Aryan Banerjee,82,3,40.8,58.2,B
STU00826,Kavya Mehta,96,5,42.6,56.5,B
STU00827,Aditya Bose,76,3,22.6,20.1,F
STU00828,Suresh Joshi,75,3,48.0,77.6,A
STU00829,Vikram Nair,60,1,25.4,38.9,F
STU00830,Yash Patel,55,1,26.1,50.0,B
STU00831,Vishal Malhotra,59,1,39.1,67.4,B+
STU00832,Sana Dubey,95,5,34.4,57.4,B
STU00833,Bhavya Reddy,66,2,36.9,56.9,B
STU00834,Yash Pandey,80,3,16.1,34.6,F
STU00835,Deepa Kumar,100,5,40.1,79.1,A
STU00836,Akash Verma,88,4,38.3,69.4,B+
STU00837,Mohan Mehta,68,2,29.7,43.8,C
STU00838,Deepa Singh,80,3,16.8,33.1,F
STU00839,Kishore Tiwari,99,5,35.5,53.6,B
STU00840,Sneha Kumar,81,3,35.3,47.6,C
STU00841,Priya Chopra,63,1,30.5,41.6,C
STU00842,Pooja Banerjee,80,3,19.0,27.5,F
STU00843,Esha Chatterjee,76,3,49.5,80.0,A+
STU00844,Sneha Pandey,84,3,30.2,64.8,B+
STU00845,Usha Sinha,97,5,35.2,49.3,C
STU00846,Dhruv Kumar,71,2,12.9,31.2,F
STU00847,Ravi Mukherjee,80,3,49.9,77.3,A
STU00848,Aryan Malhotra,90,4,32.3,35.5,F
STU00849,Sanika Bose,55,1,33.9,50.2,B
STU00850,Ravi Iyer,62,1,43.8,79.5,A
STU00851,Akash Chatterjee,89,4,30.3,51.2,B
STU00852,Pooja Rao,69,2,43.1,72.2,A
STU00853,Sakshi Chopra,76,3,16.5,37.0,F
STU00854,Kishore Kapoor,68,2,39.3,54.6,B
STU00855,Pooja Singh,80,3,49.7,71.1,A
STU00856,Amrita Mishra,82,3,30.5,30.7,F
STU00857,Sneha Tiwari,77,3,45.3,79.5,A
STU00858,Yash Mishra,68,2,50.0,84.5,A+
STU00859,Ananya Agarwal,78,3,33.0,58.6,B
STU00860,Mahesh Rao,56,1,30.1,38.7,F
STU00861,Deepa Kapoor,99,5,29.3,34.0,F
STU00862,Sana Patel,80,3,30.9,38.9,F
STU00863,Zara Rao,68,2,27.0,35.8,F
STU00864,Yash Mukherjee,61,1,25.5,53.2,B
STU00865,Varun Sharma,57,1,44.0,78.4,A
STU00866,Ananya Roy,77,3,28.1,41.3,C
STU00867,Nikhil Nair,100,5,39.8,66.1,B+
STU00868,Deepak Roy,97,5,37.5,54.6,B
STU00869,Tanvi Rao,99,5,50.0,82.9,A+
STU00870,Anjali Malhotra,72,2,30.2,39.2,F
STU00871,Faizan Pillai,92,4,40.1,70.2,A
STU00872,Karan Das,89,4,43.5,62.8,B+
STU00873,Karan Malhotra,69,2,47.8,82.9,A+
STU00874,Kavya Joshi,79,3,30.7,45.7,C
STU00875,Gargi Kumar,91,4,31.0,43.3,C
STU00876,Varun Sharma,82,3,26.1,54.7,B
STU00877,Mahesh Kapoor,64,1,50.0,81.4,A+
STU00878,Divya Kumar,93,4,49.3,76.3,A
STU00879,Sneha Iyer,71,2,34.2,60.8,B+
STU00880,Gaurav Singh,93,4,50.0,69.3,B+
STU00881,Zara Kapoor,76,3,34.2,63.6,B+
STU00882,Aditya Kumar,80,3,42.0,66.1,B+
STU00883,Aarav Mishra,98,5,37.4,64.6,B+
STU00884,Kishore Das,79,3,39.0,50.0,B
STU00885,Neha Sharma,71,2,37.2,56.5,B
STU00886,Gaurav Iyer,67,2,30.4,48.7,C
STU00887,Ananya Kumar,74,2,44.7,79.8,A
STU00888,Esha Pandey,79,3,41.8,72.3,A
STU00889,Siddharth Singh,58,1,42.5,64.9,B+
STU00890,Esha Patel,64,1,36.8,61.4,B+
STU00891,Sandeep Chopra,57,1,25.0,50.1,B
STU00892,Gargi Mishra,95,5,50.0,78.4,A
STU00893,Shreya Das,99,5,35.0,53.5,B
STU00894,Aryan Chopra,72,2,38.0,45.7,C
STU00895,Shreya Nair,90,4,42.2,65.3,B+
STU00896,Vikram Verma,76,3,38.3,47.4,C
STU00897,Dhruv Roy,88,4,44.5,70.3,A
STU00898,Zara Shah,62,1,43.4,77.3,A
STU00899,Mohan Chopra,94,4,34.9,38.9,F
STU00900,Yash Sharma,98,5,50.0,89.9,A+
STU00901,Ananya Mehta,73,2,32.4,49.2,C
STU00902,Rahul Pandey,96,5,40.1,63.9,B+
STU00903,Amrita Singh,95,5,33.5,49.6,C
STU00904,Sanika Chatterjee,91,4,30.5,35.1,F
STU00905,Sakshi Patel,60,1,42.9,62.4,B+
STU00906,Arjun Joshi,80,3,50.0,96.8,O
STU00907,Varun Kumar,88,4,33.0,44.0,C
STU00908,Anjali Kumar,99,5,48.3,64.6,B+
STU00909,Mahesh Bose,60,1,30.6,50.1,B
STU00910,Vishal Das,91,4,36.5,57.7,B
STU00911,Suresh Chatterjee,87,4,50.0,77.4,A
STU00912,Neha Agarwal,76,3,25.4,40.8,C
STU00913,Varun Shah,75,3,23.0,42.0,C
STU00914,Meera Chopra,60,1,32.7,47.6,C
STU00915,Shreya Bose,60,1,39.5,64.8,B+
STU00916,Rohit Singh,58,1,37.5,68.2,B+
STU00917,Bhavya Singh,84,3,39.1,54.6,B
STU00918,Yash Mukherjee,65,2,34.3,36.3,F
STU00919,Gargi Pillai,84,3,43.0,74.2,A
STU00920,Dhruv Kapoor,85,4,9.8,35.7,F
STU00921,Karan Pandey,78,3,28.5,45.5,C
STU00922,Sakshi Tiwari,63,1,33.0,54.4,B
STU00923,Kavya Pandey,57,1,39.5,60.8,B+
STU00924,Nikhil Malhotra,85,4,49.4,91.7,O
STU00925,Sana Agarwal,94,4,28.9,45.6,C
STU00926,Ravi Sinha,91,4,49.7,78.0,A
STU00927,Aryan Joshi,90,4,32.4,59.1,B
STU00928,Rohit Joshi,78,3,34.1,50.7,B
STU00929,Zara Iyer,85,4,41.2,55.6,B
STU00930,Pooja Kumar,60,1,31.7,57.8,B
STU00931,Amrita Dubey,56,1,43.1,64.2,B+
STU00932,Sandeep Patel,74,2,31.3,42.3,C
STU00933,Arjun Malhotra,82,3,32.2,68.3,B+
STU00934,Arjun Patel,65,2,43.5,68.2,B+
STU00935,Rohit Singh,58,1,26.4,46.2,C
STU00936,Esha Sinha,69,2,36.6,58.8,B
STU00937,Pooja Roy,60,1,18.6,22.7,F
STU00938,Deepak Pillai,84,3,50.0,85.5,A+
STU00939,Ananya Das,92,4,47.6,78.7,A
STU00940,Suresh Pillai,56,1,50.0,74.7,A
STU00941,Nikhil Banerjee,69,2,46.4,77.7,A
STU00942,Deepa Pandey,65,2,23.8,34.0,F
STU00943,Nisha Kapoor,62,1,39.7,54.7,B
STU00944,Zara Ghosh,80,3,27.2,33.9,F
STU00945,Rohit Kapoor,99,5,50.0,82.2,A+
STU00946,Dhruv Verma,98,5,27.4,40.8,C
STU00947,Meera Bose,59,1,23.1,49.0,C
STU00948,Mohan Mishra,60,1,19.0,30.1,F
STU00949,Aryan Das,80,3,31.1,43.5,C
STU00950,Shreya Rao,58,1,27.1,44.6,C
STU00951,Divya Banerjee,73,2,23.4,27.1,F
STU00952,Sandeep Nair,74,2,50.0,79.3,A
STU00953,Aryan Mishra,87,4,41.0,68.2,B+
STU00954,Suresh Mishra,74,2,38.6,63.3,B+
STU00955,Deepa Ghosh,66,2,48.4,87.9,A+
STU00956,Mahesh Das,55,1,35.3,77.3,A
STU00957,Kavya Roy,80,3,28.8,51.5,B
STU00958,Rohit Kapoor,68,2,19.0,39.8,F
STU00959,Suresh Ghosh,92,4,29.5,67.5,B+
STU00960,Vikram Bose,91,4,50.0,72.0,A
STU00961,Amrita Mukherjee,65,2,22.7,37.4,F
STU00962,Suresh Sharma,90,4,39.7,59.7,B
STU00963,Varun Dubey,67,2,43.5,76.3,A
STU00964,Zara Malhotra,97,5,39.8,65.9,B+
STU00965,Bhavya Iyer,57,1,36.8,52.3,B
STU00966,Aditya Gupta,87,4,42.1,67.4,B+
STU00967,Mahesh Chatterjee,60,1,36.9,67.4,B+
STU00968,Faizan Reddy,64,1,48.4,67.0,B+
STU00969,Nikhil Mishra,59,1,24.0,32.0,F
STU00970,Aarav Gupta,77,3,37.4,52.3,B
STU00971,Divya Das,64,1,17.5,30.6,F
STU00972,Zara Agarwal,98,5,18.6,39.7,F
STU00973,Anjali Kumar,56,1,32.4,35.8,F
STU00974,Esha Mukherjee,67,2,39.1,63.3,B+
STU00975,Aditya Patel,94,4,50.0,72.6,A
STU00976,Esha Shah,56,1,50.0,88.0,A+
STU00977,Karan Agarwal,74,2,46.8,73.0,A
STU00978,Ravi Chopra,55,1,39.5,64.2,B+
STU00979,Nikhil Gupta,91,4,38.0,60.8,B+
STU00980,Pooja Reddy,63,1,20.0,41.0,C
STU00981,Dhruv Joshi,71,2,33.3,69.7,B+
STU00982,Gargi Das,63,1,45.4,63.6,B+
STU00983,Varun Patel,65,2,42.1,59.7,B
STU00984,Ananya Kumar,69,2,22.8,39.1,F
STU00985,Farhan Ghosh,78,3,40.8,58.7,B
STU00986,Vikram Verma,92,4,41.5,73.9,A
STU00987,Amrita Patel,89,4,39.5,72.0,A
STU00988,Mahesh Chopra,84,3,35.6,52.6,B
STU00989,Zara Pandey,85,4,42.0,61.1,B+
STU00990,Sanika Bose,59,1,39.7,61.3,B+
STU00991,Sakshi Pandey,98,5,31.5,51.2,B
STU00992,Mahesh Rao,68,2,38.4,64.0,B+
STU00993,Faizan Shah,65,2,32.3,33.7,F
STU00994,Deepa Mishra,63,1,20.4,24.9,F
STU00995,Rohit Singh,88,4,31.2,46.7,C
STU00996,Meera Banerjee,66,2,20.0,25.6,F
STU00997,Amrita Das,89,4,45.2,49.4,C
STU00998,Sanika Shah,89,4,39.6,48.3,C
STU00999,Zara Reddy,55,1,29.8,37.2,F
STU01000,Akash Nair,94,4,49.7,78.6,A
STU01001,Rahul Bose,76,3,35.7,53.6,B
STU01002,Ananya Sharma,83,3,22.9,31.6,F
STU01003,Karan Reddy,62,1,29.7,53.9,B
STU01004,Karan Ghosh,65,2,48.7,84.3,A+
STU01005,Deepak Ghosh,95,5,31.0,50.8,B
STU01006,Lakshmi Reddy,91,4,39.1,63.5,B+
STU01007,Neha Singh,68,2,41.0,58.7,B
STU01008,Aarav Mehta,84,3,41.2,60.0,B+
STU01009,Esha Pandey,89,4,50.0,66.3,B+
STU01010,Gaurav Kumar,75,3,24.4,37.0,F
STU01011,Priya Pillai,91,4,26.9,49.3,C
STU01012,Chetan Nair,59,1,23.0,47.6,C
STU01013,Shreya Pillai,73,2,32.1,49.4,C
STU01014,Zara Roy,68,2,44.2,74.7,A
STU01015,Nisha Patel,80,3,26.2,19.1,F
STU01016,Rahul Kapoor,58,1,43.3,65.8,B+
STU01017,Esha Verma,79,3,35.7,53.5,B
STU01018,Rohit Sharma,99,5,27.4,55.8,B
STU01019,Sana Dubey,96,5,21.3,37.2,F
STU01020,Anjali Kapoor,79,3,21.7,38.7,F
STU01021,Neha Das,72,2,28.7,49.5,C
STU01022,Rohit Das,94,4,35.4,57.0,B
STU01023,Rahul Chatterjee,62,1,45.8,85.5,A+
STU01024,Vishal Pandey,93,4,44.0,52.0,B
STU01025,Meera Singh,94,4,29.3,48.0,C
STU01026,Rahul Sharma,68,2,38.0,69.8,B+
STU01027,Neha Gupta,86,4,50.0,64.9,B+
STU01028,Vikram Chopra,92,4,50.0,86.7,A+
STU01029,Bhavya Dubey,87,4,33.4,47.4,C
STU01030,Pooja Patel,77,3,43.8,71.0,A
STU01031,Rohit Kapoor,69,2,46.9,68.8,B+
STU01032,Aryan Nair,87,4,22.6,43.8,C
STU01033,Rohit Das,79,3,30.8,47.0,C
STU01034,Rahul Shah,71,2,50.0,86.8,A+
STU01035,Arjun Agarwal,87,4,33.5,57.1,B
STU01036,Mohan Sinha,56,1,6.7,4.4,F
STU01037,Nikhil Nair,68,2,33.2,57.1,B
STU01038,Nikhil Ghosh,94,4,47.0,69.9,B+
STU01039,Farhan Patel,94,4,37.0,59.7,B
STU01040,Shreya Mukherjee,93,4,43.2,66.7,B+
STU01041,Deepa Shah,60,1,41.9,74.2,A
STU01042,Shreya Rao,60,1,30.3,52.8,B
STU01043,Gargi Mishra,57,1,28.5,45.4,C
STU01044,Nisha Sinha,61,1,35.0,50.5,B
STU01045,Yash Malhotra,62,1,35.3,46.3,C
STU01046,Divya Nair,96,5,37.6,61.2,B+
STU01047,Aryan Kumar,69,2,35.3,51.4,B
STU01048,Lakshmi Rao,83,3,29.1,31.5,F
STU01049,Gaurav Bose,87,4,43.0,58.2,B
STU01050,Divya Ghosh,84,3,41.3,79.1,A
STU01051,Faizan Mukherjee,93,4,24.8,34.4,F
STU01052,Anjali Gupta,81,3,32.1,60.0,B+
STU01053,Gargi Mukherjee,90,4,37.3,56.8,B
STU01054,Sanika Chopra,83,3,31.0,59.5,B
STU01055,Faizan Das,92,4,42.4,77.2,A
STU01056,Faizan Das,87,4,35.6,50.4,B
STU01057,Sakshi Banerjee,91,4,38.1,45.1,C
STU01058,Tanvi Mukherjee,81,3,32.0,36.0,F
STU01059,Vishal Bose,87,4,18.3,22.8,F
STU01060,Neha Kapoor,58,1,14.8,38.8,F
STU01061,Vishal Joshi,76,3,40.4,61.4,B+
STU01062,Divya Chopra,56,1,35.5,58.0,B
STU01063,Anjali Mehta,64,1,37.8,70.9,A
STU01064,Sakshi Mukherjee,59,1,34.6,56.2,B
STU01065,Mohan Roy,64,1,35.8,57.9,B
STU01066,Mahesh Das,87,4,44.9,76.8,A
STU01067,Ananya Mishra,92,4,40.7,67.4,B+
STU01068,Shreya Patel,67,2,43.6,69.0,B+
STU01069,Mohan Chopra,85,4,37.5,54.2,B
STU01070,Sakshi Verma,90,4,33.8,54.7,B
STU01071,Ananya Mishra,99,5,39.1,71.3,A
STU01072,Meera Patel,78,3,27.8,58.7,B
STU01073,Yash Kapoor,69,2,31.0,51.9,B
STU01074,Arjun Bose,83,3,37.4,65.9,B+
STU01075,Varun Shah,62,1,35.2,58.5,B
STU01076,Priya Chopra,59,1,32.4,51.1,B
STU01077,Usha Pillai,83,3,23.3,41.4,C
STU01078,Esha Tiwari,58,1,39.0,71.9,A
STU01079,Akash Chopra,66,2,41.6,59.5,B
STU01080,Tanvi Mukherjee,99,5,50.0,68.4,B+
STU01081,Ishaan Joshi,56,1,37.1,55.1,B
STU01082,Varun Mehta,81,3,35.6,58.7,B
STU01083,Shreya Kumar,85,4,26.9,50.0,B
STU01084,Ananya Chopra,90,4,49.9,71.9,A
STU01085,Aryan Roy,90,4,38.7,42.0,C
STU01086,Nikhil Chatterjee,80,3,37.2,55.4,B
STU01087,Arjun Shah,97,5,34.9,54.3,B
STU01088,Yash Gupta,81,3,32.7,43.0,C
STU01089,Akash Nair,59,1,39.6,57.3,B
STU01090,Chetan Chopra,74,2,25.7,48.1,C
STU01091,Sakshi Shah,65,2,48.6,78.4,A
STU01092,Siddharth Bose,64,1,46.6,77.3,A
STU01093,Farhan Mishra,94,4,33.7,51.1,B
STU01094,Pooja Dubey,92,4,28.9,40.2,C
STU01095,Meera Agarwal,60,1,15.4,21.7,F
STU01096,Ravi Ghosh,62,1,22.4,39.8,F
STU01097,Nikhil Banerjee,77,3,41.8,54.9,B
STU01098,Varun Verma,80,3,38.3,74.5,A
STU01099,Vishal Mukherjee,100,5,41.9,71.6,A
STU01100,Nikhil Patel,97,5,20.6,28.7,F
STU01101,Nikhil Singh,66,2,30.5,55.3,B
STU01102,Suresh Banerjee,80,3,47.8,86.3,A+
STU01103,Priya Reddy,67,2,33.3,50.6,B
STU01104,Lakshmi Sinha,94,4,25.4,38.9,F
STU01105,Zara Dubey,72,2,33.7,65.9,B+
STU01106,Varun Kapoor,79,3,28.5,62.6,B+
STU01107,Divya Joshi,87,4,39.2,63.0,B+
STU01108,Arjun Das,94,4,37.1,50.1,B
STU01109,Zara Kumar,97,5,42.1,63.6,B+
STU01110,Nisha Reddy,66,2,23.1,45.2,C
STU01111,Yash Chatterjee,98,5,33.3,45.0,C
STU01112,Zara Agarwal,90,4,46.3,72.4,A
STU01113,Deepak Bose,58,1,21.1,36.1,F
STU01114,Chetan Patel,59,1,24.4,31.7,F
STU01115,Mohan Pillai,91,4,38.4,70.2,A
STU01116,Priya Mukherjee,62,1,36.3,63.6,B+
STU01117,Nikhil Malhotra,96,5,32.7,68.4,B+
STU01118,Deepak Banerjee,82,3,33.2,59.4,B
STU01119,Bhavya Malhotra,85,4,40.8,57.6,B
STU01120,Esha Banerjee,63,1,41.4,70.5,A
STU01121,Siddharth Patel,83,3,26.2,49.8,C
STU01122,Yash Banerjee,68,2,37.6,68.5,B+
STU01123,Rohit Shah,94,4,50.0,73.8,A
STU01124,Pooja Sharma,95,5,36.0,50.4,B
STU01125,Pooja Reddy,76,3,25.4,31.5,F
STU01126,Gaurav Rao,65,2,23.9,51.1,B
STU01127,Nikhil Ghosh,77,3,33.8,59.1,B
STU01128,Sanika Rao,55,1,42.3,61.1,B+
STU01129,Kavya Kumar,100,5,37.1,60.4,B+
STU01130,Divya Patel,91,4,38.3,60.3,B+
STU01131,Meera Kapoor,75,3,26.0,33.8,F
STU01132,Aryan Shah,80,3,44.3,71.2,A
STU01133,Gargi Pillai,100,5,27.2,45.0,C
STU01134,Esha Tiwari,90,4,32.0,66.7,B+
STU01135,Siddharth Verma,77,3,40.9,60.2,B+
STU01136,Zara Joshi,55,1,14.6,9.7,F
STU01137,Gargi Bose,94,4,38.5,53.2,B
STU01138,Deepak Bose,69,2,25.0,32.9,F
STU01139,Priya Kumar,75,3,35.1,52.7,B
STU01140,Farhan Gupta,63,1,30.6,40.6,C
STU01141,Bhavya Ghosh,63,1,50.0,86.6,A+
STU01142,Vikram Roy,64,1,30.4,39.7,F
STU01143,Farhan Sinha,80,3,50.0,80.2,A+
STU01144,Sakshi Verma,95,5,42.3,83.7,A+
STU01145,Ravi Mishra,89,4,29.2,51.1,B
STU01146,Amrita Sinha,79,3,38.4,65.0,B+
STU01147,Kishore Chopra,80,3,32.8,67.3,B+
STU01148,Vikram Reddy,65,2,36.2,67.9,B+
STU01149,Faizan Sinha,92,4,30.3,53.0,B
STU01150,Sakshi Nair,56,1,48.3,74.8,A
STU01151,Sneha Nair,61,1,41.9,66.9,B+
STU01152,Mohan Roy,72,2,35.0,55.4,B
STU01153,Sandeep Tiwari,81,3,50.0,76.8,A
STU01154,Ishaan Mishra,88,4,37.0,60.9,B+
STU01155,Amrita Das,81,3,45.5,75.6,A
STU01156,Sakshi Chopra,71,2,34.9,45.9,C
STU01157,Gargi Reddy,97,5,40.7,78.2,A
STU01158,Gargi Agarwal,98,5,36.6,61.8,B+
STU01159,Shreya Shah,78,3,36.2,55.8,B
STU01160,Ravi Gupta,79,3,36.9,60.8,B+
STU01161,Ishaan Roy,61,1,27.6,51.6,B
STU01162,Varun Kumar,60,1,29.9,36.1,F
STU01163,Lakshmi Verma,78,3,33.3,52.4,B
STU01164,Yash Mehta,87,4,38.3,51.8,B
STU01165,Pooja Pillai,83,3,35.5,78.1,A
STU01166,Aryan Chatterjee,97,5,47.8,77.6,A
STU01167,Siddharth Kapoor,76,3,42.7,58.9,B
STU01168,Deepa Reddy,80,3,33.7,82.7,A+
STU01169,Arjun Ghosh,82,3,48.1,72.7,A
STU01170,Farhan Iyer,75,3,50.0,78.3,A
STU01171,Sakshi Tiwari,61,1,15.2,23.2,F
STU01172,Shreya Kumar,71,2,43.0,62.0,B+
STU01173,Rohit Patel,74,2,28.7,47.9,C
STU01174,Kavya Malhotra,95,5,44.2,53.0,B
STU01175,Sakshi Tiwari,74,2,46.0,82.3,A+
STU01176,Nisha Dubey,76,3,27.2,34.5,F
STU01177,Aditya Pandey,82,3,19.0,27.1,F
STU01178,Ananya Agarwal,94,4,44.4,77.1,A
STU01179,Shreya Mishra,61,1,34.8,54.0,B
STU01180,Kishore Agarwal,55,1,18.0,27.5,F
STU01181,Arjun Mishra,86,4,50.0,71.9,A
STU01182,Kavya Sharma,67,2,39.8,80.4,A+
STU01183,Neha Dubey,84,3,41.9,71.3,A
STU01184,Aryan Malhotra,77,3,47.5,67.3,B+
STU01185,Chetan Mukherjee,73,2,29.6,48.8,C
STU01186,Nikhil Roy,86,4,37.3,50.5,B
STU01187,Divya Kumar,84,3,24.0,52.2,B
STU01188,Akash Reddy,83,3,30.3,50.1,B
STU01189,Sandeep Chatterjee,99,5,40.9,57.6,B
STU01190,Deepak Ghosh,83,3,20.8,38.9,F
STU01191,Chetan Mehta,84,3,30.2,46.1,C
STU01192,Sakshi Bose,70,2,26.1,31.5,F
STU01193,Aarav Tiwari,94,4,38.2,64.2,B+
STU01194,Arjun Sharma,73,2,40.0,66.8,B+
STU01195,Lakshmi Rao,72,2,41.4,75.3,A
STU01196,Divya Pillai,55,1,42.0,67.7,B+
STU01197,Dhruv Bose,68,2,46.6,75.4,A
STU01198,Siddharth Pandey,56,1,38.6,63.0,B+
STU01199,Deepa Ghosh,82,3,50.0,92.8,O
STU01200,Meera Nair,84,3,37.0,56.7,B
STU01201,Mohan Singh,92,4,35.1,59.9,B
STU01202,Ananya Nair,58,1,38.8,67.0,B+
STU01203,Ravi Mukherjee,55,1,31.1,52.6,B
STU01204,Vikram Chopra,62,1,50.0,77.2,A
STU01205,Anjali Singh,83,3,46.0,74.6,A
STU01206,Sanika Bose,93,4,43.6,69.0,B+
STU01207,Sneha Sharma,57,1,34.4,70.7,A
STU01208,Vishal Shah,86,4,32.4,48.2,C
STU01209,Tanvi Nair,64,1,40.2,57.0,B
STU01210,Chetan Kumar,64,1,23.8,38.0,F
STU01211,Meera Pandey,73,2,48.6,77.1,A
STU01212,Aarav Bose,100,5,35.9,59.0,B
STU01213,Nisha Nair,88,4,39.0,58.7,B
STU01214,Tanvi Pandey,87,4,28.0,45.7,C
STU01215,Gaurav Banerjee,77,3,41.7,67.8,B+
STU01216,Zara Patel,82,3,31.6,57.8,B
STU01217,Siddharth Mishra,86,4,41.9,67.8,B+
STU01218,Anjali Shah,61,1,40.4,65.5,B+
STU01219,Sneha Shah,83,3,30.0,52.1,B
STU01220,Shreya Pillai,62,1,23.6,44.7,C
STU01221,Aditya Agarwal,55,1,46.8,67.0,B+
STU01222,Sandeep Verma,57,1,31.5,40.4,C
STU01223,Vishal Agarwal,78,3,37.3,73.2,A
STU01224,Pooja Iyer,77,3,39.6,69.0,B+
STU01225,Esha Sharma,62,1,22.4,34.1,F
STU01226,Nisha Roy,91,4,40.8,65.4,B+
STU01227,Anjali Mishra,57,1,34.1,51.4,B
STU01228,Kishore Sinha,87,4,30.4,50.3,B
STU01229,Zara Mukherjee,82,3,25.3,32.7,F
STU01230,Aryan Ghosh,62,1,39.2,69.4,B+
STU01231,Usha Sinha,88,4,46.4,75.6,A
STU01232,Faizan Joshi,89,4,38.0,62.5,B+
STU01233,Deepak Verma,86,4,23.2,30.0,F
STU01234,Nisha Pillai,78,3,25.8,45.5,C
STU01235,Nikhil Malhotra,68,2,30.4,41.7,C
STU01236,Yash Gupta,86,4,50.0,74.5,A
STU01237,Gargi Banerjee,100,5,35.3,57.2,B
STU01238,Sana Chatterjee,97,5,33.0,72.9,A
STU01239,Sandeep Mukherjee,70,2,19.4,32.4,F
STU01240,Gaurav Roy,58,1,27.4,23.3,F
STU01241,Deepak Patel,91,4,25.5,35.7,F
STU01242,Chetan Ghosh,75,3,26.0,47.1,C
STU01243,Sana Verma,68,2,35.4,47.6,C
STU01244,Meera Rao,85,4,32.4,58.5,B
STU01245,Akash Roy,72,2,50.0,81.3,A+
STU01246,Ishaan Tiwari,61,1,43.3,77.2,A
STU01247,Akash Joshi,64,1,28.4,41.0,C
STU01248,Mohan Shah,61,1,25.3,35.4,F
STU01249,Rahul Malhotra,87,4,48.6,82.3,A+
STU01250,Sneha Mehta,77,3,50.0,79.9,A
STU01251,Lakshmi Verma,75,3,15.3,23.9,F
STU01252,Faizan Mukherjee,73,2,35.6,69.5,B+
STU01253,Ishaan Reddy,73,2,32.5,56.8,B
STU01254,Nisha Kapoor,90,4,42.3,51.8,B
STU01255,Gargi Verma,83,3,50.0,86.4,A+
STU01256,Yash Joshi,72,2,30.3,54.1,B
STU01257,Mahesh Singh,56,1,14.6,32.8,F
STU01258,Pooja Pandey,55,1,38.2,53.6,B
STU01259,Rahul Sinha,59,1,45.9,76.0,A
STU01260,Sakshi Tiwari,74,2,32.2,52.4,B
STU01261,Priya Joshi,65,2,27.7,36.7,F
STU01262,Gaurav Mehta,96,5,33.2,60.7,B+
STU01263,Bhavya Mehta,56,1,40.8,63.3,B+
STU01264,Pooja Dubey,57,1,29.1,55.8,B
STU01265,Siddharth Iyer,77,3,38.2,55.2,B
STU01266,Arjun Sinha,66,2,34.4,43.4,C
STU01267,Rohit Patel,74,2,34.2,52.8,B
STU01268,Rohit Bose,59,1,39.7,65.4,B+
STU01269,Gaurav Pillai,91,4,32.3,47.4,C
STU01270,Meera Joshi,92,4,32.8,28.0,F
STU01271,Aryan Patel,84,3,43.1,72.0,A
STU01272,Neha Banerjee,63,1,24.9,42.9,C
STU01273,Meera Reddy,88,4,28.4,50.9,B
STU01274,Sakshi Bose,98,5,26.0,38.6,F
STU01275,Chetan Pandey,89,4,44.0,66.9,B+
STU01276,Farhan Chatterjee,76,3,34.2,66.2,B+
STU01277,Sakshi Mishra,98,5,25.5,28.2,F
STU01278,Sakshi Verma,78,3,43.0,66.8,B+
STU01279,Dhruv Kapoor,71,2,29.6,48.5,C
STU01280,Nisha Bose,64,1,26.1,46.6,C
STU01281,Rohit Iyer,84,3,34.1,55.9,B
STU01282,Vishal Roy,100,5,50.0,72.6,A
STU01283,Ananya Patel,77,3,31.6,59.9,B
STU01284,Zara Mukherjee,86,4,41.3,66.1,B+
STU01285,Rahul Mishra,71,2,41.1,52.4,B
STU01286,Shreya Roy,71,2,38.6,63.4,B+
STU01287,Esha Banerjee,68,2,45.7,76.9,A
STU01288,Farhan Sharma,63,1,27.4,59.5,B
STU01289,Divya Kapoor,94,4,27.5,47.3,C
STU01290,Varun Banerjee,56,1,23.5,25.7,F
STU01291,Sakshi Verma,99,5,36.1,46.2,C
STU01292,Deepak Patel,79,3,26.9,53.1,B
STU01293,Kishore Ghosh,93,4,38.1,54.5,B
STU01294,Yash Mishra,63,1,34.5,42.8,C
STU01295,Pooja Agarwal,76,3,44.3,78.9,A
STU01296,Tanvi Verma,97,5,39.8,59.9,B
STU01297,Varun Kumar,100,5,33.8,61.7,B+
STU01298,Amrita Chopra,58,1,37.0,51.9,B
STU01299,Pooja Mishra,80,3,26.2,53.7,B
STU01300,Sakshi Ghosh,83,3,35.5,63.8,B+
STU01301,Anjali Das,99,5,40.3,58.7,B
STU01302,Deepak Shah,88,4,37.5,46.7,C
STU01303,Pooja Agarwal,77,3,38.9,80.7,A+
STU01304,Neha Mukherjee,91,4,30.8,47.6,C
STU01305,Mahesh Nair,65,2,44.4,64.9,B+
STU01306,Deepa Sharma,60,1,49.9,90.9,O
STU01307,Esha Gupta,72,2,20.3,40.0,C
STU01308,Sanika Shah,75,3,24.1,48.0,C
STU01309,Priya Dubey,96,5,37.5,59.2,B
STU01310,Suresh Singh,90,4,34.2,69.8,B+
STU01311,Lakshmi Ghosh,95,5,50.0,69.5,B+
STU01312,Lakshmi Chatterjee,92,4,38.7,57.5,B
STU01313,Sakshi Rao,88,4,48.8,81.2,A+
STU01314,Vikram Reddy,71,2,16.2,35.3,F
STU01315,Bhavya Dubey,91,4,43.9,75.5,A
STU01316,Sanika Rao,79,3,29.0,45.7,C
STU01317,Deepa Kumar,92,4,30.1,44.4,C
STU01318,Anjali Chopra,66,2,31.9,60.4,B+
STU01319,Gaurav Tiwari,77,3,22.4,42.0,C
STU01320,Chetan Chopra,96,5,41.1,58.8,B
STU01321,Arjun Roy,76,3,36.8,51.6,B
STU01322,Amrita Kapoor,75,3,37.4,55.5,B
STU01323,Neha Banerjee,81,3,43.6,64.4,B+
STU01324,Nisha Chatterjee,85,4,49.6,87.6,A+
STU01325,Anjali Pillai,60,1,30.2,51.8,B
STU01326,Sneha Reddy,81,3,39.9,68.3,B+
STU01327,Mohan Kapoor,94,4,39.5,64.7,B+
STU01328,Farhan Chatterjee,88,4,39.7,65.4,B+
STU01329,Chetan Dubey,66,2,37.6,47.5,C
STU01330,Bhavya Mukherjee,99,5,50.0,86.4,A+
STU01331,Gaurav Roy,61,1,29.5,42.7,C
STU01332,Pooja Shah,64,1,20.2,32.1,F
STU01333,Kavya Singh,99,5,31.1,46.0,C
STU01334,Ishaan Roy,71,2,41.4,67.4,B+
STU01335,Deepak Nair,80,3,35.7,61.7,B+
STU01336,Sanika Sharma,75,3,30.8,41.2,C
STU01337,Pooja Pillai,82,3,26.0,43.6,C
STU01338,Tanvi Mishra,100,5,39.5,59.6,B
STU01339,Sana Roy,56,1,38.9,72.8,A
STU01340,Suresh Kumar,97,5,40.0,55.1,B
STU01341,Vikram Tiwari,55,1,30.7,41.1,C
STU01342,Arjun Patel,90,4,37.8,57.6,B
STU01343,Mohan Agarwal,80,3,36.8,51.5,B
STU01344,Chetan Sinha,83,3,37.5,58.2,B
STU01345,Sandeep Shah,75,3,24.3,34.7,F
STU01346,Ravi Ghosh,65,2,35.8,58.0,B
STU01347,Ravi Malhotra,94,4,32.9,60.7,B+
STU01348,Tanvi Patel,65,2,43.4,70.0,A
STU01349,Deepak Joshi,90,4,37.7,61.6,B+
STU01350,Yash Patel,93,4,44.3,62.4,B+
STU01351,Sakshi Chopra,94,4,34.2,53.6,B
STU01352,Amrita Shah,89,4,34.0,51.0,B
STU01353,Nisha Kumar,88,4,49.7,85.0,A+
STU01354,Gargi Pillai,78,3,39.2,56.6,B
STU01355,Vishal Das,76,3,28.7,39.0,F
STU01356,Gaurav Ghosh,59,1,41.5,68.9,B+
STU01357,Deepak Pandey,87,4,31.4,66.1,B+
STU01358,Shreya Dubey,90,4,38.5,60.2,B+
STU01359,Ananya Malhotra,74,2,50.0,81.3,A+
STU01360,Deepa Shah,73,2,21.9,42.6,C
STU01361,Divya Reddy,89,4,34.8,59.8,B
STU01362,Farhan Gupta,97,5,40.9,69.6,B+
STU01363,Neha Dubey,71,2,41.5,65.6,B+
STU01364,Chetan Nair,99,5,26.2,41.3,C
STU01365,Nisha Shah,97,5,23.4,31.4,F
STU01366,Meera Kapoor,88,4,46.1,77.7,A
STU01367,Arjun Iyer,63,1,27.3,47.4,C
STU01368,Ishaan Mukherjee,80,3,28.6,51.5,B
STU01369,Suresh Iyer,56,1,47.1,71.5,A
STU01370,Deepak Mukherjee,63,1,34.4,61.7,B+
STU01371,Mohan Bose,63,1,34.5,64.3,B+
STU01372,Sneha Patel,94,4,35.3,46.8,C
STU01373,Shreya Mukherjee,71,2,23.6,35.4,F
STU01374,Farhan Das,55,1,39.1,72.0,A
STU01375,Usha Kumar,79,3,39.1,57.4,B
STU01376,Farhan Banerjee,97,5,38.7,66.2,B+
STU01377,Vikram Sinha,94,4,35.9,57.5,B
STU01378,Varun Joshi,96,5,34.5,57.8,B
STU01379,Tanvi Verma,79,3,43.6,70.1,A
STU01380,Aditya Patel,93,4,35.5,62.8,B+
STU01381,Akash Mukherjee,89,4,35.8,49.1,C
STU01382,Gargi Das,57,1,38.0,53.5,B
STU01383,Lakshmi Mukherjee,91,4,38.5,73.3,A
STU01384,Karan Ghosh,98,5,50.0,96.8,O
STU01385,Tanvi Pandey,98,5,21.4,34.2,F
STU01386,Vikram Mukherjee,84,3,38.6,75.5,A
STU01387,Aditya Mehta,92,4,30.3,42.3,C
STU01388,Vishal Pillai,88,4,27.8,40.2,C
STU01389,Meera Mukherjee,66,2,30.0,59.7,B
STU01390,Mohan Mehta,73,2,35.3,62.9,B+
STU01391,Kishore Roy,91,4,37.5,72.9,A
STU01392,Amrita Agarwal,98,5,23.6,41.5,C
STU01393,Mohan Chopra,71,2,29.7,39.4,F
STU01394,Anjali Chatterjee,64,1,36.4,60.0,B+
STU01395,Ananya Gupta,66,2,26.2,51.5,B
STU01396,Sakshi Pandey,70,2,24.5,38.1,F
STU01397,Sandeep Chopra,78,3,15.0,21.7,F
STU01398,Karan Joshi,73,2,28.8,50.0,B
STU01399,Varun Kumar,62,1,23.4,33.0,F
STU01400,Neha Kapoor,85,4,27.1,45.7,C
STU01401,Chetan Joshi,75,3,32.6,52.7,B
STU01402,Dhruv Kapoor,71,2,29.2,42.8,C
STU01403,Nisha Agarwal,77,3,24.7,47.4,C
STU01404,Deepak Ghosh,91,4,17.6,33.3,F
STU01405,Pooja Shah,70,2,37.2,56.7,B
STU01406,Suresh Singh,60,1,40.3,64.4,B+
STU01407,Neha Nair,62,1,30.1,46.0,C
STU01408,Sana Singh,79,3,33.0,47.7,C
STU01409,Mahesh Chopra,72,2,34.7,41.9,C
STU01410,Kishore Kumar,79,3,49.6,75.5,A
STU01411,Aryan Verma,66,2,20.0,27.0,F
STU01412,Meera Agarwal,69,2,30.7,50.0,B
STU01413,Vikram Pandey,80,3,20.0,35.5,F
STU01414,Kishore Kapoor,95,5,40.3,58.1,B
STU01415,Farhan Malhotra,99,5,36.1,60.7,B+
STU01416,Neha Dubey,80,3,37.3,52.0,B
STU01417,Tanvi Sinha,86,4,37.5,59.0,B
STU01418,Neha Rao,64,1,42.8,63.7,B+
STU01419,Faizan Gupta,70,2,39.3,68.8,B+
STU01420,Sanika Shah,61,1,41.1,66.7,B+
STU01421,Sana Mehta,71,2,25.0,39.1,F
STU01422,Mohan Mehta,77,3,45.9,68.4,B+
STU01423,Aditya Patel,80,3,29.0,43.8,C
STU01424,Rahul Shah,75,3,29.0,61.0,B+
STU01425,Sana Nair,76,3,37.5,56.0,B
STU01426,Karan Das,61,1,36.3,61.9,B+
STU01427,Nisha Verma,68,2,24.7,38.6,F
STU01428,Ananya Reddy,69,2,32.8,56.1,B
STU01429,Sanika Bose,61,1,47.0,81.9,A+
STU01430,Yash Banerjee,63,1,20.6,30.1,F
STU01431,Sandeep Reddy,62,1,47.1,81.0,A+
STU01432,Sneha Sharma,77,3,33.0,74.9,A
STU01433,Aryan Pandey,83,3,14.8,28.2,F
STU01434,Deepak Tiwari,72,2,22.4,48.7,C
STU01435,Lakshmi Sinha,85,4,27.3,47.5,C
STU01436,Pooja Ghosh,84,3,30.3,41.0,C
STU01437,Rahul Mishra,93,4,35.9,59.6,B
STU01438,Akash Agarwal,89,4,12.1,16.7,F
STU01439,Ananya Das,72,2,36.4,53.5,B
STU01440,Suresh Rao,96,5,27.6,43.6,C
STU01441,Pooja Pillai,93,4,49.3,77.6,A
STU01442,Meera Patel,71,2,32.2,43.0,C
STU01443,Priya Shah,68,2,42.8,90.1,O
STU01444,Sakshi Ghosh,85,4,46.0,80.1,A+
STU01445,Suresh Iyer,78,3,45.0,74.0,A
STU01446,Vikram Banerjee,89,4,31.3,50.8,B
STU01447,Vikram Singh,98,5,32.1,61.0,B+
STU01448,Deepak Singh,99,5,35.4,73.2,A
STU01449,Rahul Mishra,88,4,42.0,72.7,A
STU01450,Nikhil Pillai,57,1,28.6,46.7,C
STU01451,Pooja Ghosh,91,4,35.5,68.6,B+
STU01452,Divya Rao,97,5,39.7,64.7,B+
STU01453,Varun Shah,94,4,28.8,49.6,C
STU01454,Rahul Shah,80,3,26.8,50.9,B
STU01455,Akash Verma,77,3,33.8,51.0,B
STU01456,Akash Kumar,98,5,37.1,42.8,C
STU01457,Chetan Joshi,93,4,40.7,61.6,B+
STU01458,Sandeep Shah,69,2,40.4,70.8,A
STU01459,Sana Kumar,58,1,23.4,43.1,C
STU01460,Varun Tiwari,83,3,28.5,56.3,B
STU01461,Shreya Kumar,76,3,26.4,39.1,F
STU01462,Neha Dubey,79,3,48.1,89.6,A+
STU01463,Vikram Joshi,67,2,33.1,54.4,B
STU01464,Farhan Agarwal,72,2,34.8,60.5,B+
STU01465,Vikram Sinha,87,4,36.7,65.9,B+
STU01466,Mohan Das,70,2,28.1,33.9,F
STU01467,Nikhil Shah,99,5,50.0,72.0,A
STU01468,Shreya Pillai,96,5,40.8,57.0,B
STU01469,Sanika Chatterjee,98,5,37.7,68.9,B+
STU01470,Tanvi Reddy,56,1,23.2,34.7,F
STU01471,Sandeep Malhotra,89,4,25.9,57.7,B
STU01472,Aditya Mishra,96,5,34.3,54.9,B
STU01473,Nikhil Banerjee,88,4,30.0,36.2,F
STU01474,Deepa Pandey,84,3,26.3,36.7,F
STU01475,Usha Reddy,67,2,30.9,50.4,B
STU01476,Dhruv Kapoor,67,2,32.3,55.8,B
STU01477,Bhavya Mukherjee,72,2,36.0,49.7,C
STU01478,Aditya Bose,86,4,31.6,55.1,B
STU01479,Sandeep Iyer,86,4,27.0,49.9,C
STU01480,Yash Roy,89,4,27.6,39.0,F
STU01481,Gargi Das,93,4,47.7,92.1,O
STU01482,Tanvi Nair,100,5,26.2,37.7,F
STU01483,Dhruv Verma,83,3,39.1,54.6,B
STU01484,Usha Mehta,83,3,40.5,52.6,B
STU01485,Farhan Shah,98,5,36.2,67.7,B+
STU01486,Vishal Sinha,70,2,50.0,80.2,A+
STU01487,Vikram Ghosh,98,5,41.8,63.0,B+
STU01488,Priya Kumar,64,1,50.0,68.2,B+
STU01489,Amrita Nair,84,3,30.0,44.9,C
STU01490,Akash Das,79,3,29.7,66.6,B+
STU01491,Bhavya Singh,93,4,41.5,49.2,C
STU01492,Ishaan Sharma,74,2,32.5,46.9,C
STU01493,Sakshi Joshi,59,1,48.6,92.1,O
STU01494,Ravi Kumar,55,1,36.1,67.8,B+
STU01495,Ravi Chatterjee,84,3,26.5,37.8,F
STU01496,Karan Pandey,57,1,17.6,29.8,F
STU01497,Shreya Ghosh,99,5,36.7,62.4,B+
STU01498,Vikram Dubey,68,2,33.5,54.7,B
STU01499,Sandeep Kapoor,84,3,38.7,76.2,A
STU01500,Esha Sinha,58,1,44.2,73.4,A
STU01501,Ananya Chatterjee,72,2,44.4,80.1,A+
STU01502,Deepak Shah,91,4,31.4,51.7,B
STU01503,Karan Pillai,79,3,23.8,21.8,F
STU01504,Neha Banerjee,55,1,21.9,25.5,F
STU01505,Sandeep Shah,100,5,30.9,41.6,C
STU01506,Priya Joshi,69,2,31.1,47.8,C
STU01507,Gaurav Chopra,63,1,36.5,75.0,A
STU01508,Sneha Joshi,69,2,27.2,46.4,C
STU01509,Sneha Mishra,78,3,37.8,59.6,B
STU01510,Amrita Ghosh,58,1,36.6,68.5,B+
STU01511,Dhruv Banerjee,66,2,35.4,45.0,C
STU01512,Yash Roy,91,4,26.4,38.3,F
STU01513,Bhavya Iyer,91,4,40.8,60.2,B+
STU01514,Vikram Mehta,97,5,50.0,83.2,A+
STU01515,Ishaan Nair,60,1,35.7,64.3,B+
STU01516,Mahesh Pillai,93,4,10.2,20.1,F
STU01517,Mohan Nair,100,5,48.7,81.8,A+
STU01518,Mohan Ghosh,78,3,29.0,43.5,C
STU01519,Meera Chatterjee,65,2,50.0,82.6,A+
STU01520,Karan Chatterjee,67,2,35.2,49.6,C
STU01521,Chetan Mehta,88,4,21.1,39.2,F
STU01522,Neha Mehta,79,3,16.8,22.9,F
STU01523,Nisha Pillai,61,1,47.5,67.0,B+
STU01524,Dhruv Iyer,58,1,43.3,69.6,B+
STU01525,Meera Singh,62,1,50.0,64.7,B+
STU01526,Tanvi Banerjee,74,2,35.0,67.8,B+
STU01527,Sneha Agarwal,83,3,35.3,62.9,B+
STU01528,Rahul Malhotra,99,5,34.0,57.1,B
STU01529,Nisha Ghosh,100,5,31.6,37.6,F
STU01530,Divya Reddy,64,1,30.4,43.0,C
STU01531,Akash Reddy,97,5,39.2,63.0,B+
STU01532,Chetan Patel,88,4,28.7,43.8,C
STU01533,Nisha Dubey,80,3,20.5,19.3,F
STU01534,Sakshi Mukherjee,95,5,38.4,50.9,B
STU01535,Lakshmi Sinha,57,1,25.4,38.4,F
STU01536,Sandeep Rao,60,1,4.3,0.0,F
STU01537,Ishaan Malhotra,59,1,38.4,72.4,A
STU01538,Sneha Iyer,59,1,23.4,41.4,C
STU01539,Suresh Chatterjee,77,3,41.2,59.5,B
STU01540,Mahesh Kumar,63,1,39.5,72.6,A
STU01541,Aryan Bose,89,4,39.0,70.1,A
STU01542,Esha Das,74,2,50.0,82.3,A+
STU01543,Kishore Nair,96,5,35.9,57.1,B
STU01544,Ananya Banerjee,89,4,33.8,51.7,B
STU01545,Siddharth Nair,72,2,40.9,61.1,B+
STU01546,Vishal Nair,71,2,34.1,43.9,C
STU01547,Ananya Singh,78,3,45.7,85.3,A+
STU01548,Ravi Joshi,57,1,21.8,30.7,F
STU01549,Chetan Mehta,86,4,24.8,39.9,F
STU01550,Aryan Banerjee,89,4,43.3,62.0,B+
STU01551,Gargi Kumar,92,4,26.2,39.8,F
STU01552,Aarav Pillai,67,2,39.7,86.3,A+
STU01553,Farhan Pandey,79,3,38.7,56.1,B
STU01554,Yash Dubey,63,1,27.5,55.6,B
STU01555,Sandeep Mehta,58,1,36.6,58.3,B
STU01556,Yash Rao,68,2,23.2,42.6,C
STU01557,Faizan Reddy,91,4,27.6,54.1,B
STU01558,Neha Reddy,88,4,34.2,56.9,B
STU01559,Yash Verma,65,2,34.7,52.7,B
STU01560,Gargi Patel,95,5,34.3,53.4,B
STU01561,Yash Das,57,1,37.1,58.1,B
STU01562,Kavya Pillai,82,3,39.2,77.6,A
STU01563,Esha Sinha,83,3,49.6,67.5,B+
STU01564,Akash Dubey,63,1,32.9,38.5,F
STU01565,Gaurav Pandey,57,1,44.0,56.8,B
STU01566,Gaurav Dubey,79,3,43.7,62.8,B+
STU01567,Akash Malhotra,88,4,50.0,85.6,A+
STU01568,Rahul Roy,66,2,33.0,58.9,B
STU01569,Sanika Gupta,96,5,33.3,48.4,C
STU01570,Esha Kapoor,63,1,45.1,71.9,A
STU01571,Meera Tiwari,69,2,37.9,51.7,B
STU01572,Akash Sharma,94,4,48.4,69.3,B+
STU01573,Mohan Das,79,3,41.9,71.7,A
STU01574,Varun Singh,59,1,14.4,31.4,F
STU01575,Nikhil Reddy,65,2,37.4,56.0,B
STU01576,Sana Mukherjee,88,4,39.1,75.6,A
STU01577,Sneha Shah,78,3,36.5,66.1,B+
STU01578,Sanika Tiwari,69,2,33.2,65.9,B+
STU01579,Deepak Kapoor,92,4,22.4,33.4,F
STU01580,Shreya Chopra,62,1,41.6,78.7,A
STU01581,Mahesh Rao,59,1,36.8,76.3,A
STU01582,Deepa Joshi,80,3,45.4,69.3,B+
STU01583,Farhan Sinha,72,2,20.9,32.2,F
STU01584,Sana Mukherjee,60,1,38.1,53.4,B
STU01585,Lakshmi Chatterjee,91,4,34.5,46.0,C
STU01586,Gaurav Sharma,67,2,35.5,47.7,C
STU01587,Esha Joshi,82,3,33.7,47.4,C
STU01588,Meera Das,59,1,38.3,63.5,B+
STU01589,Amrita Ghosh,67,2,32.7,46.2,C
STU01590,Ishaan Gupta,71,2,25.1,42.1,C
STU01591,Vikram Kapoor,94,4,37.7,62.4,B+
STU01592,Vishal Tiwari,99,5,35.5,53.0,B
STU01593,Rahul Malhotra,86,4,35.3,56.0,B
STU01594,Rohit Shah,83,3,7.1,7.1,F
STU01595,Neha Patel,57,1,39.3,60.4,B+
STU01596,Rahul Banerjee,94,4,34.1,48.1,C
STU01597,Aryan Gupta,88,4,24.2,39.4,F
STU01598,Deepak Mehta,94,4,45.2,67.5,B+
STU01599,Neha Dubey,81,3,41.3,56.8,B
STU01600,Kishore Sharma,67,2,31.3,54.8,B
STU01601,Lakshmi Agarwal,99,5,27.0,48.2,C
STU01602,Kishore Chopra,87,4,37.8,69.4,B+
STU01603,Faizan Iyer,60,1,34.6,47.2,C
STU01604,Nikhil Reddy,78,3,43.6,65.9,B+
STU01605,Usha Sinha,73,2,30.8,51.1,B
STU01606,Tanvi Sharma,70,2,45.3,68.5,B+
STU01607,Lakshmi Mukherjee,94,4,32.0,55.8,B
STU01608,Pooja Chatterjee,82,3,23.6,41.7,C
STU01609,Kishore Verma,87,4,26.0,45.4,C
STU01610,Zara Singh,95,5,36.4,69.9,B+
STU01611,Sana Reddy,67,2,33.6,58.9,B
STU01612,Farhan Agarwal,97,5,40.2,65.6,B+
STU01613,Amrita Shah,99,5,36.6,57.0,B
STU01614,Chetan Ghosh,79,3,44.2,69.7,B+
STU01615,Mohan Chatterjee,96,5,34.8,47.2,C
STU01616,Deepa Mukherjee,90,4,18.5,15.5,F
STU01617,Meera Mishra,81,3,34.5,58.9,B
STU01618,Vikram Nair,92,4,18.6,39.5,F
STU01619,Kavya Kumar,61,1,36.0,55.0,B
STU01620,Sandeep Kumar,59,1,42.9,81.3,A+
STU01621,Sana Sinha,97,5,28.3,43.9,C
STU01622,Varun Mishra,99,5,50.0,64.4,B+
STU01623,Ravi Chatterjee,85,4,43.6,77.1,A
STU01624,Suresh Dubey,77,3,46.1,69.9,B+
STU01625,Sandeep Ghosh,96,5,38.8,70.2,A
STU01626,Sneha Roy,64,1,25.0,29.8,F
STU01627,Zara Malhotra,86,4,43.1,72.3,A
STU01628,Karan Ghosh,97,5,31.6,44.2,C
STU01629,Kishore Banerjee,84,3,37.0,60.8,B+
STU01630,Faizan Bose,93,4,35.3,62.6,B+
STU01631,Arjun Shah,85,4,46.1,78.0,A
STU01632,Sakshi Shah,72,2,41.3,66.6,B+
STU01633,Chetan Mishra,90,4,35.8,46.3,C
STU01634,Anjali Dubey,56,1,15.5,30.6,F
STU01635,Tanvi Singh,68,2,28.6,54.0,B
STU01636,Ananya Malhotra,67,2,40.5,56.5,B
STU01637,Suresh Tiwari,83,3,38.3,54.1,B
STU01638,Shreya Rao,66,2,20.6,41.5,C
STU01639,Tanvi Pillai,93,4,20.5,31.1,F
STU01640,Divya Gupta,56,1,34.9,48.9,C
STU01641,Neha Kapoor,86,4,26.6,44.7,C
STU01642,Siddharth Chopra,67,2,25.6,35.9,F
STU01643,Deepa Banerjee,100,5,43.6,71.0,A
STU01644,Karan Chatterjee,81,3,46.4,70.9,A
STU01645,Usha Mehta,95,5,30.2,45.7,C
STU01646,Arjun Tiwari,71,2,34.2,63.6,B+
STU01647,Shreya Chopra,94,4,36.2,38.2,F
STU01648,Ananya Chopra,85,4,34.5,59.6,B
STU01649,Deepak Shah,88,4,36.7,66.3,B+
STU01650,Ravi Chopra,78,3,42.1,62.4,B+
STU01651,Tanvi Verma,99,5,31.3,57.6,B
STU01652,Suresh Chopra,89,4,22.7,28.6,F
STU01653,Amrita Roy,60,1,48.7,72.6,A
STU01654,Mohan Sinha,73,2,44.6,65.2,B+
STU01655,Aditya Agarwal,84,3,26.0,49.2,C
STU01656,Lakshmi Malhotra,61,1,34.8,41.7,C
STU01657,Aarav Sinha,64,1,43.0,81.9,A+
STU01658,Karan Das,95,5,43.7,67.5,B+
STU01659,Anjali Verma,86,4,40.3,69.4,B+
STU01660,Rohit Mishra,88,4,34.8,59.9,B
STU01661,Bhavya Patel,82,3,50.0,81.2,A+
STU01662,Sneha Verma,69,2,36.4,53.4,B
STU01663,Anjali Dubey,84,3,31.3,60.0,B+
STU01664,Sandeep Verma,91,4,44.4,66.9,B+
STU01665,Meera Pandey,83,3,36.7,52.9,B
STU01666,Gaurav Ghosh,76,3,38.2,68.1,B+
STU01667,Deepak Ghosh,58,1,35.1,57.3,B
STU01668,Yash Sinha,74,2,39.4,73.9,A
STU01669,Yash Pandey,86,4,27.3,43.2,C
STU01670,Pooja Tiwari,90,4,23.4,32.2,F
STU01671,Priya Chopra,58,1,46.2,76.1,A
STU01672,Priya Agarwal,81,3,37.8,56.9,B
STU01673,Arjun Banerjee,71,2,41.5,61.4,B+
STU01674,Zara Kapoor,66,2,18.3,35.9,F
STU01675,Sneha Kumar,76,3,44.7,86.2,A+
STU01676,Yash Kapoor,71,2,29.9,45.9,C
STU01677,Nisha Singh,64,1,26.6,34.8,F
STU01678,Gaurav Pillai,55,1,32.4,50.6,B
STU01679,Rahul Shah,76,3,26.3,46.2,C
STU01680,Deepak Sinha,80,3,35.5,58.9,B
STU01681,Kavya Malhotra,72,2,33.5,63.2,B+
STU01682,Aarav Ghosh,68,2,43.8,75.4,A
STU01683,Aditya Reddy,83,3,49.4,70.2,A
STU01684,Sana Banerjee,66,2,47.4,71.9,A
STU01685,Dhruv Pillai,90,4,16.1,14.7,F
STU01686,Rohit Pillai,89,4,28.0,54.0,B
STU01687,Priya Malhotra,66,2,13.6,5.8,F
STU01688,Kavya Nair,61,1,22.9,26.4,F
STU01689,Sana Mishra,83,3,30.0,43.9,C
STU01690,Divya Iyer,65,2,37.7,64.8,B+
STU01691,Ishaan Dubey,87,4,31.5,46.2,C
STU01692,Dhruv Ghosh,60,1,29.1,43.6,C
STU01693,Deepa Verma,69,2,36.0,54.8,B
STU01694,Zara Pandey,86,4,20.7,34.5,F
STU01695,Vikram Ghosh,65,2,26.5,32.6,F
STU01696,Aditya Nair,77,3,30.7,41.5,C
STU01697,Karan Patel,80,3,33.7,67.4,B+
STU01698,Aryan Bose,88,4,37.0,62.4,B+
STU01699,Akash Chopra,100,5,50.0,86.1,A+
STU01700,Varun Banerjee,88,4,44.5,71.7,A
STU01701,Chetan Kapoor,83,3,28.9,45.1,C
STU01702,Ananya Nair,58,1,30.9,53.1,B
STU01703,Esha Verma,71,2,31.6,56.4,B
STU01704,Rahul Chopra,89,4,31.8,57.6,B
STU01705,Kavya Pillai,67,2,36.7,57.7,B
STU01706,Karan Ghosh,95,5,20.3,40.1,C
STU01707,Gargi Verma,93,4,44.7,51.8,B
STU01708,Deepak Shah,69,2,49.6,86.5,A+
STU01709,Meera Nair,83,3,33.4,50.0,B
STU01710,Dhruv Das,83,3,33.2,57.5,B
STU01711,Neha Das,65,2,35.4,51.4,B
STU01712,Varun Ghosh,86,4,45.3,61.9,B+
STU01713,Amrita Malhotra,56,1,30.2,51.0,B
STU01714,Neha Nair,68,2,42.7,56.3,B
STU01715,Mohan Tiwari,74,2,39.3,59.7,B
STU01716,Divya Banerjee,76,3,50.0,73.5,A
STU01717,Siddharth Nair,65,2,31.0,48.2,C
STU01718,Ravi Reddy,81,3,17.8,34.9,F
STU01719,Mahesh Verma,57,1,20.3,28.6,F
STU01720,Suresh Das,71,2,34.7,58.0,B
STU01721,Esha Dubey,98,5,46.6,80.5,A+
STU01722,Gaurav Mukherjee,82,3,29.8,42.8,C
STU01723,Amrita Pandey,83,3,33.7,49.2,C
STU01724,Suresh Mehta,75,3,41.2,76.9,A
STU01725,Ananya Mishra,70,2,25.8,40.6,C
STU01726,Yash Banerjee,91,4,31.1,53.8,B
STU01727,Priya Roy,74,2,24.4,43.1,C
STU01728,Siddharth Joshi,60,1,44.1,61.0,B+
STU01729,Bhavya Pandey,73,2,48.7,71.8,A
STU01730,Ravi Kumar,59,1,19.2,33.7,F
STU01731,Mohan Agarwal,57,1,31.9,34.5,F
STU01732,Gaurav Ghosh,55,1,45.7,71.4,A
STU01733,Sneha Mehta,92,4,40.3,57.6,B
STU01734,Kishore Kapoor,69,2,30.0,56.9,B
STU01735,Kavya Reddy,88,4,22.4,38.6,F
STU01736,Chetan Kumar,89,4,46.8,84.4,A+
STU01737,Sana Dubey,79,3,38.6,61.4,B+
STU01738,Ananya Pillai,78,3,22.0,34.3,F
STU01739,Ravi Pandey,66,2,44.8,69.2,B+
STU01740,Suresh Shah,72,2,20.3,28.5,F
STU01741,Deepak Agarwal,69,2,32.4,73.3,A
STU01742,Kishore Iyer,98,5,34.9,62.3,B+
STU01743,Karan Joshi,70,2,49.1,70.0,A
STU01744,Yash Patel,81,3,33.3,74.4,A
STU01745,Sakshi Kapoor,62,1,31.3,46.8,C
STU01746,Pooja Patel,100,5,25.2,42.9,C
STU01747,Sneha Sinha,79,3,29.6,54.9,B
STU01748,Ishaan Verma,71,2,27.2,31.2,F
STU01749,Mahesh Agarwal,83,3,28.9,39.6,F
STU01750,Amrita Bose,62,1,33.8,67.3,B+
STU01751,Varun Verma,69,2,12.5,18.2,F
STU01752,Anjali Rao,81,3,22.0,43.2,C
STU01753,Faizan Das,100,5,36.5,54.8,B
STU01754,Dhruv Banerjee,61,1,34.7,54.8,B
STU01755,Suresh Rao,57,1,31.1,64.0,B+
STU01756,Sandeep Rao,83,3,35.4,60.1,B+
STU01757,Nikhil Reddy,98,5,33.6,51.0,B
STU01758,Aarav Rao,78,3,35.1,50.7,B
STU01759,Ishaan Sinha,57,1,37.1,54.6,B
STU01760,Deepa Sinha,74,2,38.7,71.9,A
STU01761,Faizan Mehta,100,5,31.3,56.2,B
STU01762,Kishore Chatterjee,69,2,42.6,59.0,B
STU01763,Varun Chatterjee,79,3,36.8,59.6,B
STU01764,Karan Agarwal,84,3,47.0,74.7,A
STU01765,Kishore Pillai,68,2,47.2,78.0,A
STU01766,Neha Ghosh,61,1,20.6,28.1,F
STU01767,Meera Agarwal,71,2,26.9,51.8,B
STU01768,Sana Pillai,98,5,44.6,71.3,A
STU01769,Yash Mishra,74,2,19.9,34.8,F
STU01770,Mohan Iyer,90,4,49.3,72.6,A
STU01771,Pooja Shah,63,1,30.7,43.2,C
STU01772,Sanika Chopra,92,4,41.9,88.3,A+
STU01773,Aryan Roy,76,3,34.1,69.0,B+
STU01774,Dhruv Mehta,56,1,20.6,32.4,F
STU01775,Faizan Malhotra,78,3,44.8,83.9,A+
STU01776,Neha Dubey,62,1,50.0,89.7,A+
STU01777,Karan Mishra,65,2,29.4,42.0,C
STU01778,Neha Pandey,67,2,31.3,44.3,C
STU01779,Akash Das,71,2,10.8,22.6,F
STU01780,Kavya Sinha,62,1,45.9,75.5,A
STU01781,Divya Sharma,75,3,43.2,65.9,B+
STU01782,Lakshmi Pillai,72,2,19.1,36.3,F
STU01783,Usha Das,84,3,17.3,16.1,F
STU01784,Dhruv Pandey,72,2,17.2,28.4,F
STU01785,Meera Kumar,100,5,43.3,59.4,B
STU01786,Ishaan Joshi,85,4,42.7,58.7,B
STU01787,Kavya Agarwal,92,4,28.4,39.8,F
STU01788,Tanvi Malhotra,86,4,40.6,67.9,B+
STU01789,Kishore Mehta,65,2,35.4,51.2,B
STU01790,Suresh Mukherjee,99,5,34.1,44.8,C
STU01791,Amrita Joshi,79,3,44.1,74.4,A
STU01792,Lakshmi Ghosh,87,4,25.4,52.6,B
STU01793,Sanika Sinha,92,4,47.0,80.3,A+
STU01794,Yash Sinha,95,5,30.4,63.1,B+
STU01795,Sanika Chopra,62,1,49.7,90.8,O
STU01796,Farhan Sinha,65,2,25.0,36.1,F
STU01797,Nisha Gupta,76,3,31.9,56.1,B
STU01798,Deepak Sinha,78,3,35.8,56.5,B
STU01799,Sneha Mehta,95,5,37.5,68.5,B+
STU01800,Gaurav Dubey,71,2,39.0,61.7,B+
STU01801,Sneha Mukherjee,66,2,22.5,29.7,F
STU01802,Ananya Shah,100,5,37.2,70.5,A
STU01803,Akash Malhotra,86,4,37.3,62.2,B+
STU01804,Anjali Malhotra,69,2,29.7,42.2,C
STU01805,Zara Verma,70,2,38.1,57.0,B
STU01806,Faizan Sharma,76,3,23.0,31.4,F
STU01807,Ravi Kumar,82,3,32.8,44.5,C
STU01808,Vishal Nair,74,2,28.1,41.1,C
STU01809,Anjali Chatterjee,87,4,33.3,56.3,B
STU01810,Divya Sharma,64,1,46.9,75.6,A
STU01811,Karan Shah,94,4,50.0,76.5,A
STU01812,Sana Mishra,86,4,47.5,88.0,A+
STU01813,Ananya Bose,87,4,32.0,35.1,F
STU01814,Vishal Banerjee,56,1,41.3,68.5,B+
STU01815,Vikram Dubey,87,4,37.2,58.4,B
STU01816,Sandeep Banerjee,87,4,36.6,50.8,B
STU01817,Sanika Sharma,95,5,36.3,61.0,B+
STU01818,Aarav Pillai,67,2,50.0,78.2,A
STU01819,Suresh Pandey,84,3,48.2,87.1,A+
STU01820,Aarav Sharma,87,4,42.9,75.6,A
STU01821,Siddharth Sinha,67,2,32.7,67.6,B+
STU01822,Mahesh Pillai,80,3,35.9,53.6,B
STU01823,Meera Sharma,76,3,39.9,75.0,A
STU01824,Shreya Malhotra,93,4,32.1,42.0,C
STU01825,Bhavya Banerjee,56,1,41.5,65.5,B+
STU01826,Rohit Roy,92,4,28.4,41.7,C
STU01827,Gaurav Singh,93,4,40.3,69.3,B+
STU01828,Aryan Shah,80,3,14.9,28.5,F
STU01829,Divya Nair,100,5,32.5,44.8,C
STU01830,Ishaan Bose,69,2,50.0,85.3,A+
STU01831,Siddharth Iyer,88,4,45.6,69.9,B+
STU01832,Nisha Iyer,96,5,50.0,73.5,A
STU01833,Rahul Patel,98,5,31.3,50.0,B
STU01834,Pooja Agarwal,94,4,37.8,48.7,C
STU01835,Sana Das,65,2,45.5,80.3,A+
STU01836,Kishore Chatterjee,57,1,38.9,61.8,B+
STU01837,Kavya Reddy,60,1,38.1,60.7,B+
STU01838,Amrita Malhotra,63,1,48.5,76.9,A
STU01839,Arjun Mukherjee,60,1,24.1,51.7,B
STU01840,Yash Ghosh,63,1,32.1,63.5,B+
STU01841,Akash Patel,93,4,21.0,44.4,C
STU01842,Rahul Agarwal,85,4,26.1,41.1,C
STU01843,Priya Pillai,86,4,45.8,64.4,B+
STU01844,Sandeep Verma,95,5,28.7,45.8,C
STU01845,Vishal Sharma,66,2,40.7,67.6,B+
STU01846,Bhavya Gupta,62,1,48.6,84.3,A+
STU01847,Arjun Mehta,62,1,32.1,53.8,B
STU01848,Rohit Mukherjee,82,3,40.4,56.4,B
STU01849,Nikhil Das,74,2,41.6,62.3,B+
STU01850,Aryan Tiwari,61,1,22.6,31.2,F
STU01851,Siddharth Dubey,65,2,28.5,49.9,C
STU01852,Akash Nair,74,2,25.9,45.9,C
STU01853,Karan Tiwari,70,2,29.7,53.1,B
STU01854,Bhavya Tiwari,58,1,39.7,65.9,B+
STU01855,Tanvi Mehta,60,1,28.1,28.5,F
STU01856,Mahesh Verma,76,3,34.8,41.9,C
STU01857,Anjali Banerjee,80,3,26.1,40.6,C
STU01858,Mahesh Tiwari,57,1,44.2,71.5,A
STU01859,Sneha Das,95,5,32.1,61.4,B+
STU01860,Zara Verma,96,5,50.0,80.6,A+
STU01861,Gaurav Dubey,68,2,34.8,47.9,C
STU01862,Neha Sharma,65,2,21.3,39.4,F
STU01863,Karan Das,72,2,33.2,53.0,B
STU01864,Divya Ghosh,66,2,24.5,36.0,F
STU01865,Chetan Malhotra,77,3,40.5,51.9,B
STU01866,Rahul Dubey,66,2,31.7,51.4,B
STU01867,Anjali Reddy,67,2,35.7,59.0,B
STU01868,Farhan Das,79,3,32.1,43.4,C
STU01869,Kishore Das,99,5,32.4,57.8,B
STU01870,Priya Banerjee,73,2,26.0,46.8,C
STU01871,Sneha Joshi,100,5,45.0,72.4,A
STU01872,Priya Ghosh,90,4,34.9,55.9,B
STU01873,Esha Kumar,99,5,34.6,62.9,B+
STU01874,Bhavya Sinha,62,1,31.9,54.0,B
STU01875,Arjun Shah,83,3,29.7,41.9,C
STU01876,Esha Mishra,86,4,33.3,51.7,B
STU01877,Ananya Singh,98,5,39.2,67.2,B+
STU01878,Rohit Nair,72,2,25.4,24.4,F
STU01879,Anjali Joshi,60,1,25.5,33.3,F
STU01880,Varun Ghosh,72,2,47.1,80.8,A+
STU01881,Vikram Bose,73,2,31.5,60.1,B+
STU01882,Rahul Ghosh,76,3,30.1,56.3,B
STU01883,Neha Sharma,91,4,24.5,46.3,C
STU01884,Vishal Iyer,86,4,43.8,71.1,A
STU01885,Sakshi Mehta,95,5,27.5,35.8,F
STU01886,Kavya Mishra,57,1,33.1,51.4,B
STU01887,Suresh Agarwal,82,3,20.3,16.5,F
STU01888,Rohit Gupta,64,1,41.3,76.5,A
STU01889,Amrita Das,89,4,47.0,68.7,B+
STU01890,Zara Agarwal,83,3,40.2,60.1,B+
STU01891,Arjun Ghosh,69,2,20.6,41.4,C
STU01892,Vikram Reddy,87,4,43.7,57.0,B
STU01893,Kishore Chatterjee,61,1,26.2,32.4,F
STU01894,Anjali Patel,66,2,23.6,39.9,F
STU01895,Mahesh Kumar,84,3,32.4,56.0,B
STU01896,Priya Chatterjee,75,3,31.4,49.7,C
STU01897,Vishal Kumar,85,4,31.5,50.1,B
STU01898,Esha Agarwal,78,3,46.8,85.0,A+
STU01899,Neha Mishra,74,2,50.0,85.1,A+
STU01900,Aryan Patel,91,4,24.3,42.9,C
STU01901,Aarav Reddy,58,1,27.1,49.6,C
STU01902,Sakshi Mishra,82,3,37.0,56.8,B
STU01903,Faizan Iyer,98,5,33.8,71.5,A
STU01904,Aryan Kumar,74,2,38.5,43.1,C
STU01905,Arjun Gupta,78,3,43.5,81.3,A+
STU01906,Rohit Chopra,86,4,42.8,75.7,A
STU01907,Suresh Pillai,95,5,42.5,70.0,A
STU01908,Shreya Pandey,90,4,50.0,80.6,A+
STU01909,Aryan Sharma,88,4,22.0,34.0,F
STU01910,Arjun Mishra,90,4,49.8,88.5,A+
STU01911,Suresh Patel,56,1,29.4,46.7,C
STU01912,Varun Bose,69,2,41.5,60.6,B+
STU01913,Neha Kapoor,88,4,27.0,50.4,B
STU01914,Priya Sharma,90,4,28.3,58.0,B
STU01915,Meera Pandey,60,1,39.5,47.8,C
STU01916,Priya Ghosh,93,4,19.4,49.9,C
STU01917,Arjun Sinha,96,5,46.0,65.3,B+
STU01918,Suresh Tiwari,66,2,45.4,65.0,B+
STU01919,Kishore Das,57,1,34.8,45.7,C
STU01920,Siddharth Gupta,99,5,38.7,61.9,B+
STU01921,Amrita Agarwal,72,2,27.2,33.3,F
STU01922,Farhan Kumar,94,4,43.0,59.5,B
STU01923,Mahesh Reddy,75,3,38.1,55.5,B
STU01924,Mahesh Mehta,69,2,26.1,42.9,C
STU01925,Divya Patel,87,4,32.7,54.2,B
STU01926,Farhan Pandey,89,4,35.0,65.9,B+
STU01927,Mahesh Pandey,80,3,32.0,60.9,B+
STU01928,Mohan Mehta,62,1,21.4,42.4,C
STU01929,Anjali Mishra,90,4,42.8,66.4,B+
STU01930,Lakshmi Nair,84,3,33.7,39.2,F
STU01931,Dhruv Mukherjee,77,3,35.3,41.6,C
STU01932,Sanika Bose,96,5,31.9,59.2,B
STU01933,Vikram Rao,98,5,41.6,73.3,A
STU01934,Sana Singh,68,2,36.1,52.8,B
STU01935,Deepak Reddy,68,2,45.2,60.8,B+
STU01936,Aarav Agarwal,56,1,37.4,51.5,B
STU01937,Nikhil Malhotra,91,4,34.8,57.1,B
STU01938,Vikram Agarwal,59,1,26.7,44.1,C
STU01939,Nikhil Chopra,92,4,44.5,79.5,A
STU01940,Nikhil Pandey,99,5,34.9,52.2,B
STU01941,Yash Bose,95,5,35.5,54.8,B
STU01942,Deepak Reddy,68,2,32.8,61.5,B+
STU01943,Neha Bose,93,4,33.2,36.1,F
STU01944,Bhavya Rao,79,3,34.0,56.9,B
STU01945,Sandeep Joshi,74,2,50.0,77.3,A
STU01946,Gaurav Agarwal,56,1,23.7,43.6,C
STU01947,Neha Reddy,93,4,29.5,51.3,B
STU01948,Esha Chatterjee,60,1,46.0,68.0,B+
STU01949,Vishal Mehta,71,2,31.2,45.9,C
STU01950,Tanvi Roy,79,3,31.3,31.7,F
STU01951,Kishore Joshi,82,3,45.0,78.0,A
STU01952,Priya Iyer,56,1,20.3,34.4,F
STU01953,Rahul Mishra,89,4,43.8,81.3,A+
STU01954,Deepa Dubey,91,4,37.0,56.0,B
STU01955,Tanvi Rao,59,1,37.6,67.5,B+
STU01956,Usha Pillai,55,1,37.0,50.6,B
STU01957,Gaurav Banerjee,94,4,31.2,28.3,F
STU01958,Gargi Pillai,66,2,43.6,69.0,B+
STU01959,Aditya Sinha,90,4,31.5,45.9,C
STU01960,Sana Chatterjee,99,5,41.1,57.4,B
STU01961,Karan Chopra,77,3,46.3,81.3,A+
STU01962,Meera Malhotra,85,4,48.4,87.1,A+
STU01963,Bhavya Patel,65,2,31.6,51.4,B
STU01964,Ravi Banerjee,64,1,38.1,59.5,B
STU01965,Sanika Kumar,57,1,30.0,48.5,C
STU01966,Vishal Reddy,68,2,50.0,74.8,A
STU01967,Kishore Iyer,70,2,41.5,70.9,A
STU01968,Zara Kumar,64,1,34.7,43.2,C
STU01969,Chetan Pandey,83,3,38.6,53.2,B
STU01970,Priya Patel,64,1,37.6,53.8,B
STU01971,Sakshi Bose,66,2,38.0,65.1,B+
STU01972,Sandeep Das,84,3,33.7,51.5,B
STU01973,Rahul Pillai,95,5,33.5,64.5,B+
STU01974,Shreya Dubey,55,1,31.6,57.0,B
STU01975,Bhavya Pandey,59,1,23.1,30.6,F
STU01976,Sneha Verma,74,2,41.4,71.3,A
STU01977,Pooja Chatterjee,62,1,26.5,39.1,F
STU01978,Sneha Bose,97,5,27.7,48.1,C
STU01979,Vishal Dubey,66,2,34.0,61.2,B+
STU01980,Arjun Singh,55,1,31.8,59.8,B
STU01981,Gargi Nair,74,2,37.1,61.0,B+
STU01982,Zara Banerjee,82,3,30.6,61.8,B+
STU01983,Nisha Gupta,97,5,33.7,57.5,B
STU01984,Yash Bose,91,4,42.8,69.6,B+
STU01985,Akash Das,91,4,42.3,65.3,B+
STU01986,Yash Banerjee,66,2,39.4,58.0,B
STU01987,Yash Agarwal,91,4,36.9,62.4,B+
STU01988,Faizan Joshi,98,5,38.8,62.9,B+
STU01989,Rohit Singh,82,3,37.8,62.6,B+
STU01990,Aarav Singh,69,2,28.5,49.4,C
STU01991,Lakshmi Nair,60,1,46.8,76.9,A
STU01992,Shreya Sinha,98,5,49.3,95.0,O
STU01993,Siddharth Pillai,74,2,42.0,63.0,B+
STU01994,Usha Chatterjee,68,2,30.5,52.3,B
STU01995,Tanvi Nair,56,1,38.0,59.0,B
STU01996,Sakshi Mishra,63,1,42.6,48.5,C
STU01997,Rahul Chopra,91,4,25.6,39.4,F
STU01998,Gargi Banerjee,74,2,50.0,72.5,A
STU01999,Usha Chatterjee,80,3,19.8,31.1,F
STU02000,Shreya Kumar,83,3,42.1,67.1,B+
STU02001,Nisha Sharma,55,1,46.1,76.8,A
STU02002,Sandeep Singh,89,4,35.4,52.4,B
STU02003,Meera Pandey,60,1,32.1,48.1,C
STU02004,Arjun Singh,91,4,42.6,73.8,A
STU02005,Dhruv Kumar,59,1,50.0,73.5,A
STU02006,Nisha Reddy,87,4,33.7,39.2,F
STU02007,Nikhil Chopra,68,2,27.3,44.9,C
STU02008,Karan Shah,66,2,30.3,57.0,B
STU02009,Sandeep Mishra,96,5,23.1,42.5,C
STU02010,Sandeep Singh,74,2,43.0,70.2,A
STU02011,Sakshi Sinha,78,3,30.7,59.1,B
STU02012,Bhavya Chopra,97,5,35.3,65.1,B+
STU02013,Neha Patel,88,4,44.5,68.6,B+
STU02014,Mohan Verma,79,3,32.0,53.2,B
STU02015,Chetan Singh,83,3,42.6,70.5,A
STU02016,Aditya Kapoor,93,4,27.5,43.3,C
STU02017,Nikhil Mukherjee,85,4,44.6,80.4,A+
STU02018,Aryan Banerjee,97,5,40.3,63.3,B+
STU02019,Farhan Dubey,77,3,34.4,51.0,B
STU02020,Esha Nair,98,5,38.5,40.9,C
STU02021,Siddharth Gupta,92,4,25.1,33.8,F
STU02022,Suresh Gupta,74,2,35.9,46.9,C
STU02023,Nikhil Pillai,77,3,33.9,53.9,B
STU02024,Rohit Chopra,99,5,26.1,31.7,F
STU02025,Kavya Roy,70,2,28.5,50.5,B
STU02026,Rahul Mukherjee,96,5,35.9,66.3,B+
STU02027,Gaurav Gupta,62,1,28.2,44.9,C
STU02028,Vishal Banerjee,75,3,13.3,13.4,F
STU02029,Rohit Agarwal,55,1,42.7,70.6,A
STU02030,Aditya Sinha,62,1,32.4,67.0,B+
STU02031,Vikram Tiwari,83,3,15.3,37.1,F
STU02032,Ishaan Chopra,86,4,50.0,68.8,B+
STU02033,Usha Pandey,92,4,47.9,65.1,B+
STU02034,Priya Sharma,59,1,30.3,34.9,F
STU02035,Chetan Rao,76,3,27.5,34.9,F
STU02036,Karan Iyer,88,4,39.9,65.9,B+
STU02037,Faizan Chatterjee,55,1,34.8,51.2,B
STU02038,Anjali Das,80,3,40.4,57.9,B
STU02039,Aryan Roy,97,5,29.6,55.7,B
STU02040,Sneha Gupta,64,1,43.8,74.3,A
STU02041,Pooja Joshi,84,3,31.6,36.9,F
STU02042,Ishaan Chopra,72,2,40.8,73.1,A
STU02043,Deepa Iyer,71,2,27.4,47.9,C
STU02044,Zara Kapoor,80,3,50.0,84.2,A+
STU02045,Sanika Shah,62,1,40.0,59.4,B
STU02046,Vishal Joshi,94,4,50.0,78.5,A
STU02047,Varun Agarwal,66,2,41.5,50.6,B
STU02048,Vikram Agarwal,81,3,30.5,55.7,B
STU02049,Usha Singh,62,1,41.2,57.9,B
STU02050,Nisha Mishra,79,3,43.5,62.6,B+
STU02051,Sana Bose,100,5,40.9,58.4,B
STU02052,Gaurav Malhotra,58,1,39.0,76.8,A
STU02053,Amrita Chatterjee,87,4,43.1,63.6,B+
STU02054,Mohan Dubey,55,1,24.1,46.1,C
STU02055,Vikram Das,73,2,25.2,40.1,C
STU02056,Arjun Banerjee,85,4,28.9,39.6,F
STU02057,Deepak Joshi,70,2,35.6,48.9,C
STU02058,Deepa Nair,68,2,32.3,46.6,C
STU02059,Mohan Singh,59,1,24.6,38.8,F
STU02060,Gaurav Mishra,95,5,44.0,75.2,A
STU02061,Bhavya Kumar,80,3,38.0,57.0,B
STU02062,Shreya Agarwal,82,3,37.2,55.5,B
STU02063,Ravi Bose,56,1,30.8,42.2,C
STU02064,Deepak Das,60,1,30.1,38.6,F
STU02065,Priya Pandey,63,1,26.2,31.7,F
STU02066,Gaurav Mehta,87,4,44.6,79.3,A
STU02067,Vishal Pillai,95,5,30.7,44.9,C
STU02068,Bhavya Dubey,79,3,37.3,56.2,B
STU02069,Yash Dubey,67,2,49.2,73.4,A
STU02070,Gaurav Pillai,63,1,30.8,46.7,C
STU02071,Farhan Mehta,67,2,42.8,71.4,A
STU02072,Meera Kumar,85,4,41.1,61.9,B+
STU02073,Gaurav Joshi,95,5,39.8,65.1,B+
STU02074,Sakshi Bose,65,2,37.9,72.0,A
STU02075,Ananya Kapoor,58,1,32.4,45.3,C
STU02076,Nisha Sharma,88,4,36.6,55.0,B
STU02077,Sanika Kumar,92,4,31.8,56.0,B
STU02078,Ishaan Malhotra,100,5,37.9,72.6,A
STU02079,Priya Pillai,58,1,28.0,34.9,F
STU02080,Shreya Mukherjee,92,4,45.8,59.7,B
STU02081,Sanika Pandey,73,2,19.5,31.2,F
STU02082,Amrita Mehta,60,1,37.8,59.6,B
STU02083,Ravi Chatterjee,88,4,39.3,68.5,B+
STU02084,Sakshi Mehta,72,2,36.9,63.4,B+
STU02085,Farhan Patel,67,2,43.4,69.2,B+
STU02086,Tanvi Sharma,95,5,34.4,63.4,B+
STU02087,Faizan Nair,77,3,37.5,54.6,B
STU02088,Meera Verma,73,2,19.4,32.7,F
STU02089,Mahesh Nair,99,5,33.7,44.2,C
STU02090,Sneha Reddy,65,2,41.7,66.4,B+
STU02091,Farhan Ghosh,55,1,20.9,21.8,F
STU02092,Sana Das,78,3,36.7,49.8,C
STU02093,Esha Ghosh,61,1,27.5,57.7,B
STU02094,Gargi Mehta,79,3,34.4,40.4,C
STU02095,Suresh Shah,75,3,29.4,45.3,C
STU02096,Deepa Das,69,2,23.2,43.7,C
STU02097,Deepa Iyer,55,1,36.5,76.2,A
STU02098,Gargi Pillai,66,2,33.7,55.3,B
STU02099,Pooja Pillai,61,1,39.1,64.4,B+
STU02100,Faizan Verma,69,2,41.5,66.7,B+
STU02101,Faizan Sinha,75,3,46.0,82.1,A+
STU02102,Sakshi Pillai,73,2,36.0,61.1,B+
STU02103,Karan Pandey,83,3,47.2,70.9,A
STU02104,Aryan Sinha,79,3,26.6,51.5,B
STU02105,Yash Ghosh,87,4,44.4,67.3,B+
STU02106,Kishore Reddy,86,4,40.2,51.5,B
STU02107,Akash Chopra,89,4,38.5,48.8,C
STU02108,Lakshmi Mishra,98,5,41.3,64.5,B+
STU02109,Arjun Chopra,92,4,28.1,45.8,C
STU02110,Deepa Ghosh,80,3,24.7,47.2,C
STU02111,Kishore Rao,65,2,49.4,84.2,A+
STU02112,Esha Das,89,4,34.9,56.5,B
STU02113,Bhavya Mishra,62,1,32.1,59.5,B
STU02114,Chetan Bose,100,5,27.6,44.3,C
STU02115,Vishal Pandey,68,2,21.0,23.3,F
STU02116,Farhan Bose,64,1,33.1,40.9,C
STU02117,Deepak Roy,56,1,30.0,58.2,B
STU02118,Karan Malhotra,100,5,37.5,42.0,C
STU02119,Karan Roy,63,1,34.6,53.8,B
STU02120,Ananya Das,57,1,50.0,100.0,O
STU02121,Nisha Pillai,75,3,32.0,54.9,B
STU02122,Mahesh Bose,80,3,49.7,77.9,A
STU02123,Sneha Gupta,62,1,48.5,64.1,B+
STU02124,Neha Chatterjee,56,1,39.9,76.8,A
STU02125,Meera Reddy,60,1,31.4,60.0,B+
STU02126,Tanvi Iyer,82,3,23.4,42.9,C
STU02127,Shreya Tiwari,83,3,40.1,64.2,B+
STU02128,Amrita Malhotra,80,3,44.7,76.1,A
STU02129,Aryan Kumar,79,3,50.0,78.8,A
STU02130,Faizan Roy,66,2,25.6,33.2,F
STU02131,Ravi Dubey,59,1,31.2,57.6,B
STU02132,Ananya Iyer,88,4,27.8,44.1,C
STU02133,Yash Kumar,91,4,30.9,53.6,B
STU02134,Bhavya Kapoor,69,2,40.4,63.7,B+
STU02135,Deepak Nair,98,5,31.2,53.6,B
STU02136,Divya Chatterjee,90,4,29.1,46.4,C
STU02137,Neha Malhotra,69,2,41.6,65.8,B+
STU02138,Kishore Ghosh,97,5,41.3,66.3,B+
STU02139,Amrita Agarwal,77,3,38.4,85.1,A+
STU02140,Sanika Kumar,60,1,27.6,50.6,B
STU02141,Tanvi Mukherjee,100,5,49.1,99.2,O
STU02142,Mahesh Mukherjee,98,5,37.4,59.8,B
STU02143,Ravi Agarwal,97,5,50.0,77.5,A
STU02144,Sakshi Patel,99,5,38.9,53.6,B
STU02145,Vishal Roy,75,3,14.0,35.2,F
STU02146,Gargi Patel,77,3,13.8,14.8,F
STU02147,Rahul Shah,97,5,42.8,83.0,A+
STU02148,Esha Iyer,70,2,46.2,65.8,B+
STU02149,Bhavya Dubey,69,2,27.3,50.8,B
STU02150,Pooja Chopra,79,3,50.0,67.3,B+
STU02151,Sanika Joshi,90,4,50.0,76.5,A
STU02152,Usha Sharma,65,2,35.9,57.6,B
STU02153,Gargi Kapoor,69,2,39.3,58.1,B
STU02154,Dhruv Patel,58,1,41.4,64.9,B+
STU02155,Dhruv Chopra,75,3,50.0,78.7,A
STU02156,Vishal Banerjee,67,2,40.3,70.9,A
STU02157,Bhavya Mishra,76,3,36.8,42.2,C
STU02158,Anjali Roy,73,2,40.9,60.9,B+
STU02159,Sneha Agarwal,88,4,41.1,75.8,A
STU02160,Karan Pandey,68,2,42.6,72.7,A
STU02161,Karan Mehta,58,1,19.2,40.9,C
STU02162,Mahesh Joshi,100,5,40.3,70.6,A
STU02163,Meera Joshi,81,3,39.7,54.9,B
STU02164,Suresh Das,83,3,35.1,61.4,B+
STU02165,Deepak Das,82,3,42.8,69.3,B+
STU02166,Sanika Roy,89,4,50.0,98.1,O
STU02167,Nikhil Tiwari,62,1,34.9,62.3,B+
STU02168,Amrita Ghosh,70,2,40.7,69.3,B+
STU02169,Ananya Verma,96,5,50.0,85.4,A+
STU02170,Aryan Mukherjee,90,4,38.0,64.6,B+
STU02171,Sana Sharma,84,3,27.9,48.2,C
STU02172,Deepa Dubey,72,2,40.2,62.2,B+
STU02173,Farhan Chopra,56,1,13.3,25.6,F
STU02174,Sana Sharma,67,2,13.5,29.2,F
STU02175,Rohit Rao,58,1,36.3,66.6,B+
STU02176,Bhavya Dubey,80,3,14.4,30.6,F
STU02177,Deepak Tiwari,79,3,23.6,49.8,C
STU02178,Yash Reddy,84,3,32.5,61.0,B+
STU02179,Farhan Kapoor,65,2,27.5,49.0,C
STU02180,Mahesh Patel,61,1,32.3,42.5,C
STU02181,Yash Mishra,85,4,46.0,64.5,B+
STU02182,Lakshmi Patel,98,5,39.4,61.1,B+
STU02183,Pooja Banerjee,64,1,26.3,42.5,C
STU02184,Yash Gupta,93,4,49.0,89.6,A+
STU02185,Ananya Agarwal,67,2,21.3,11.8,F
STU02186,Vishal Reddy,85,4,38.0,52.5,B
STU02187,Dhruv Chatterjee,61,1,19.7,30.0,F
STU02188,Faizan Nair,96,5,39.4,55.1,B
STU02189,Rohit Mukherjee,96,5,34.2,48.3,C
STU02190,Arjun Chatterjee,90,4,46.2,69.9,B+
STU02191,Aryan Sharma,74,2,41.4,58.7,B
STU02192,Karan Mehta,58,1,28.0,38.6,F
STU02193,Anjali Kumar,61,1,26.6,53.5,B
STU02194,Usha Nair,55,1,30.2,53.2,B
STU02195,Siddharth Banerjee,98,5,50.0,86.1,A+
STU02196,Sakshi Sharma,99,5,50.0,79.7,A
STU02197,Aarav Chatterjee,96,5,28.4,53.5,B
STU02198,Nikhil Malhotra,67,2,41.4,73.0,A
STU02199,Deepa Kapoor,76,3,19.5,36.0,F
STU02200,Rohit Chatterjee,75,3,31.0,44.4,C
STU02201,Deepak Mehta,76,3,26.8,39.3,F
STU02202,Anjali Nair,82,3,45.3,80.9,A+
STU02203,Priya Patel,63,1,22.2,31.4,F
STU02204,Dhruv Roy,80,3,39.4,52.7,B
STU02205,Aryan Singh,63,1,33.8,49.8,C
STU02206,Neha Mishra,69,2,32.8,65.0,B+
STU02207,Mohan Kumar,64,1,48.9,74.0,A
STU02208,Priya Ghosh,78,3,50.0,82.6,A+
STU02209,Faizan Kapoor,96,5,35.8,52.4,B
STU02210,Deepak Mukherjee,62,1,30.6,55.1,B
STU02211,Amrita Kumar,78,3,21.7,39.0,F
STU02212,Anjali Shah,70,2,34.5,43.3,C
STU02213,Tanvi Sharma,80,3,50.0,82.1,A+
STU02214,Vikram Mukherjee,81,3,34.4,41.6,C
STU02215,Farhan Chopra,91,4,43.2,64.7,B+
STU02216,Nisha Sinha,58,1,20.7,33.0,F
STU02217,Karan Mukherjee,78,3,31.4,65.0,B+
STU02218,Esha Kumar,73,2,39.0,64.9,B+
STU02219,Ravi Bose,90,4,37.5,53.9,B
STU02220,Amrita Chopra,93,4,44.2,68.2,B+
STU02221,Karan Patel,64,1,28.5,53.0,B
STU02222,Aryan Kumar,79,3,19.7,25.5,F
STU02223,Faizan Singh,72,2,44.8,80.5,A+
STU02224,Usha Sinha,73,2,26.4,38.1,F
STU02225,Priya Mishra,90,4,41.1,58.4,B
STU02226,Rohit Joshi,64,1,38.0,56.9,B
STU02227,Deepak Nair,87,4,21.2,21.0,F
STU02228,Mahesh Mukherjee,59,1,42.8,51.1,B
STU02229,Arjun Nair,89,4,31.3,49.4,C
STU02230,Suresh Bose,98,5,37.8,59.9,B
STU02231,Varun Sinha,88,4,33.1,55.0,B
STU02232,Varun Reddy,87,4,50.0,79.3,A
STU02233,Gargi Chatterjee,75,3,47.1,94.0,O
STU02234,Aditya Kapoor,71,2,18.3,30.6,F
STU02235,Zara Tiwari,76,3,50.0,69.0,B+
STU02236,Mohan Rao,91,4,30.5,39.8,F
STU02237,Siddharth Bose,69,2,50.0,80.0,A+
STU02238,Shreya Rao,89,4,34.1,51.1,B
STU02239,Esha Agarwal,82,3,32.6,42.3,C
STU02240,Meera Mukherjee,61,1,31.4,49.8,C
STU02241,Ananya Roy,86,4,32.5,51.6,B
STU02242,Kishore Mehta,65,2,50.0,92.8,O
STU02243,Priya Singh,64,1,33.2,45.8,C
STU02244,Kishore Mehta,63,1,31.1,46.4,C
STU02245,Vishal Bose,68,2,35.0,68.7,B+
STU02246,Anjali Shah,67,2,25.5,43.4,C
STU02247,Aarav Mishra,79,3,49.8,72.3,A
STU02248,Neha Kumar,56,1,19.9,26.1,F
STU02249,Priya Kapoor,89,4,30.9,39.7,F
STU02250,Tanvi Pandey,61,1,42.0,67.8,B+
STU02251,Pooja Pillai,75,3,35.4,64.9,B+
STU02252,Amrita Gupta,72,2,39.6,76.4,A
STU02253,Faizan Mehta,57,1,47.0,63.3,B+
STU02254,Gargi Patel,96,5,46.1,80.7,A+
STU02255,Aditya Das,93,4,38.0,62.1,B+
STU02256,Anjali Sharma,95,5,50.0,77.9,A
STU02257,Lakshmi Rao,65,2,28.3,41.9,C
STU02258,Akash Dubey,93,4,35.9,42.1,C
STU02259,Ananya Roy,78,3,35.0,61.1,B+
STU02260,Rahul Shah,100,5,36.6,48.0,C
STU02261,Meera Mukherjee,73,2,25.2,34.3,F
STU02262,Chetan Shah,58,1,19.0,33.7,F
STU02263,Gargi Pandey,80,3,39.3,48.3,C
STU02264,Rohit Chatterjee,92,4,31.0,39.0,F
STU02265,Rahul Patel,96,5,50.0,89.7,A+
STU02266,Vishal Pillai,86,4,35.4,57.6,B
STU02267,Sneha Bose,93,4,34.5,49.9,C
STU02268,Divya Iyer,99,5,47.2,76.5,A
STU02269,Arjun Reddy,100,5,41.1,71.1,A
STU02270,Arjun Shah,90,4,34.9,64.8,B+
STU02271,Karan Roy,94,4,31.1,40.9,C
STU02272,Divya Pillai,91,4,50.0,71.8,A
STU02273,Neha Agarwal,87,4,39.5,68.1,B+
STU02274,Usha Mukherjee,90,4,46.3,79.2,A
STU02275,Faizan Malhotra,57,1,24.0,27.6,F
STU02276,Yash Banerjee,63,1,28.6,37.9,F
STU02277,Yash Patel,62,1,50.0,78.5,A
STU02278,Mohan Chatterjee,87,4,48.8,78.3,A
STU02279,Rohit Sinha,60,1,37.6,60.6,B+
STU02280,Kishore Verma,95,5,33.6,42.9,C
STU02281,Kishore Patel,93,4,34.7,55.9,B
STU02282,Rohit Singh,58,1,27.2,37.8,F
STU02283,Sana Bose,67,2,23.8,28.7,F
STU02284,Varun Verma,56,1,41.4,66.2,B+
STU02285,Mohan Banerjee,59,1,38.2,60.2,B+
STU02286,Esha Banerjee,98,5,43.9,76.7,A
STU02287,Esha Gupta,81,3,32.6,45.3,C
STU02288,Deepa Sharma,86,4,38.4,63.3,B+
STU02289,Chetan Kumar,75,3,31.1,37.2,F
STU02290,Bhavya Sharma,62,1,27.2,41.3,C
STU02291,Farhan Mehta,92,4,50.0,83.7,A+
STU02292,Nisha Shah,62,1,34.8,60.1,B+
STU02293,Siddharth Roy,57,1,37.8,64.9,B+
STU02294,Dhruv Iyer,98,5,44.8,78.1,A
STU02295,Farhan Mishra,57,1,34.4,51.5,B
STU02296,Deepak Sinha,76,3,37.3,63.6,B+
STU02297,Gargi Kapoor,60,1,23.7,52.9,B
STU02298,Mahesh Sinha,56,1,25.0,36.3,F
STU02299,Deepa Ghosh,77,3,26.7,53.8,B
STU02300,Aditya Joshi,98,5,42.7,75.3,A
STU02301,Rohit Iyer,56,1,33.7,51.8,B
STU02302,Siddharth Patel,92,4,28.6,44.3,C
STU02303,Lakshmi Chatterjee,71,2,39.8,64.6,B+
STU02304,Tanvi Mukherjee,89,4,41.3,72.6,A
STU02305,Anjali Mehta,88,4,30.0,51.2,B
STU02306,Sana Shah,77,3,34.9,52.0,B
STU02307,Pooja Verma,84,3,40.8,48.6,C
STU02308,Sanika Kapoor,62,1,26.0,47.0,C
STU02309,Tanvi Gupta,76,3,40.2,48.9,C
STU02310,Pooja Gupta,98,5,40.0,53.1,B
STU02311,Lakshmi Ghosh,90,4,27.5,40.8,C
STU02312,Aryan Tiwari,59,1,35.4,46.9,C
STU02313,Tanvi Banerjee,67,2,37.5,62.5,B+
STU02314,Dhruv Singh,83,3,30.2,46.0,C
STU02315,Kavya Sinha,85,4,31.1,56.0,B
STU02316,Shreya Sharma,70,2,25.4,27.8,F
STU02317,Akash Kapoor,96,5,33.1,47.7,C
STU02318,Aarav Nair,84,3,35.8,57.3,B
STU02319,Akash Mehta,70,2,29.6,47.7,C
STU02320,Pooja Agarwal,66,2,20.7,38.7,F
STU02321,Divya Gupta,71,2,28.4,38.1,F
STU02322,Akash Pillai,70,2,30.7,45.4,C
STU02323,Chetan Sinha,66,2,41.5,70.5,A
STU02324,Yash Pandey,62,1,39.1,45.0,C
STU02325,Kavya Joshi,74,2,42.4,70.9,A
STU02326,Kishore Pandey,57,1,26.5,48.5,C
STU02327,Dhruv Joshi,70,2,35.8,46.6,C
STU02328,Mahesh Malhotra,84,3,14.1,20.0,F
STU02329,Anjali Das,99,5,41.3,78.0,A
STU02330,Pooja Singh,77,3,40.7,70.4,A
STU02331,Shreya Banerjee,82,3,32.5,55.6,B
STU02332,Ananya Gupta,94,4,39.6,71.3,A
STU02333,Kavya Roy,59,1,19.8,46.1,C
STU02334,Siddharth Verma,74,2,27.7,44.5,C
STU02335,Rahul Patel,94,4,43.8,66.8,B+
STU02336,Sana Kapoor,98,5,41.9,74.9,A
STU02337,Meera Ghosh,55,1,29.3,45.4,C
STU02338,Mohan Joshi,84,3,43.2,61.7,B+
STU02339,Arjun Pillai,75,3,36.2,53.6,B
STU02340,Sana Sharma,74,2,30.4,51.1,B
STU02341,Pooja Rao,60,1,31.9,47.4,C
STU02342,Meera Das,76,3,31.0,46.6,C
STU02343,Mohan Sinha,72,2,24.0,30.2,F
STU02344,Vikram Nair,62,1,45.0,83.5,A+
STU02345,Sana Mishra,93,4,31.7,48.0,C
STU02346,Usha Mehta,86,4,28.6,40.1,C
STU02347,Gargi Ghosh,87,4,22.4,31.0,F
STU02348,Ishaan Sinha,70,2,10.8,23.7,F
STU02349,Sneha Ghosh,66,2,40.4,69.2,B+
STU02350,Kishore Kumar,92,4,43.8,66.1,B+
STU02351,Aarav Dubey,88,4,47.0,75.5,A
STU02352,Ravi Sharma,68,2,33.0,55.0,B
STU02353,Kavya Pillai,90,4,33.6,48.1,C
STU02354,Nisha Mukherjee,87,4,31.6,38.2,F
STU02355,Bhavya Tiwari,77,3,31.5,54.5,B
STU02356,Aarav Joshi,99,5,47.5,70.8,A
STU02357,Aarav Ghosh,56,1,32.9,56.2,B
STU02358,Zara Agarwal,95,5,40.4,67.2,B+
STU02359,Esha Sinha,75,3,31.0,50.0,B
STU02360,Mohan Singh,56,1,45.0,68.6,B+
STU02361,Karan Shah,81,3,18.5,24.5,F
STU02362,Kishore Pandey,63,1,22.8,27.4,F
STU02363,Sanika Verma,55,1,36.4,53.3,B
STU02364,Divya Chatterjee,65,2,49.8,84.2,A+
STU02365,Mahesh Patel,57,1,31.2,61.1,B+
STU02366,Akash Dubey,77,3,27.6,54.2,B
STU02367,Kavya Tiwari,80,3,44.5,72.4,A
STU02368,Siddharth Pandey,58,1,36.2,69.1,B+
STU02369,Bhavya Tiwari,72,2,46.3,71.6,A
STU02370,Pooja Chopra,60,1,21.9,24.7,F
STU02371,Esha Patel,89,4,47.3,91.0,O
STU02372,Usha Singh,76,3,21.2,38.2,F
STU02373,Shreya Kumar,97,5,34.6,43.1,C
STU02374,Vishal Malhotra,69,2,38.1,73.4,A
STU02375,Rahul Patel,76,3,36.8,52.9,B
STU02376,Usha Das,91,4,46.1,69.6,B+
STU02377,Ananya Pandey,96,5,20.7,41.3,C
STU02378,Zara Kumar,66,2,35.4,67.5,B+
STU02379,Kishore Reddy,96,5,47.9,68.6,B+
STU02380,Lakshmi Kapoor,92,4,37.2,71.3,A
STU02381,Neha Dubey,72,2,24.4,46.0,C
STU02382,Rahul Chatterjee,99,5,46.5,68.0,B+
STU02383,Esha Joshi,89,4,30.6,47.0,C
STU02384,Neha Chopra,84,3,28.5,57.7,B
STU02385,Mahesh Nair,78,3,26.7,30.2,F
STU02386,Anjali Rao,96,5,35.3,67.5,B+
STU02387,Deepak Ghosh,84,3,37.5,66.8,B+
STU02388,Gargi Das,68,2,22.9,40.7,C
STU02389,Aryan Kumar,60,1,23.9,39.3,F
STU02390,Aryan Gupta,57,1,26.9,58.8,B
STU02391,Sakshi Chopra,70,2,25.9,58.4,B
STU02392,Neha Pandey,61,1,33.9,49.3,C
STU02393,Deepa Pillai,68,2,37.6,65.1,B+
STU02394,Nisha Ghosh,63,1,35.8,72.3,A
STU02395,Karan Chopra,69,2,36.4,52.0,B
STU02396,Mohan Chopra,75,3,50.0,81.9,A+
STU02397,Lakshmi Kapoor,89,4,40.2,72.4,A
STU02398,Deepa Patel,56,1,40.2,48.2,C
STU02399,Farhan Roy,81,3,31.9,57.7,B
STU02400,Amrita Reddy,56,1,41.6,57.9,B
STU02401,Chetan Chatterjee,89,4,32.2,53.1,B
STU02402,Varun Verma,72,2,38.4,70.6,A
STU02403,Karan Malhotra,68,2,22.0,16.1,F
STU02404,Neha Kumar,74,2,36.4,64.5,B+
STU02405,Arjun Chatterjee,72,2,25.9,57.7,B
STU02406,Kishore Mishra,64,1,42.3,63.4,B+
STU02407,Rahul Shah,79,3,43.3,73.9,A
STU02408,Ananya Banerjee,56,1,28.9,56.9,B
STU02409,Mohan Iyer,79,3,50.0,67.3,B+
STU02410,Gaurav Sharma,87,4,33.6,59.8,B
STU02411,Rahul Kapoor,90,4,22.0,43.4,C
STU02412,Sakshi Pillai,85,4,29.0,51.5,B
STU02413,Esha Pillai,68,2,24.9,40.5,C
STU02414,Kishore Singh,55,1,36.4,50.2,B
STU02415,Sana Singh,100,5,26.4,53.4,B
STU02416,Deepak Singh,70,2,29.6,47.6,C
STU02417,Aarav Verma,100,5,40.3,57.2,B
STU02418,Gargi Nair,57,1,34.4,52.5,B
STU02419,Deepak Rao,89,4,36.3,61.0,B+
STU02420,Rahul Mishra,95,5,38.1,48.5,C
STU02421,Amrita Mukherjee,60,1,30.2,48.5,C
STU02422,Yash Patel,79,3,21.0,30.3,F
STU02423,Usha Das,67,2,30.6,59.6,B
STU02424,Lakshmi Dubey,88,4,40.5,49.8,C
STU02425,Anjali Sharma,62,1,32.5,59.5,B
STU02426,Anjali Rao,75,3,38.5,72.9,A
STU02427,Yash Chopra,88,4,31.0,34.9,F
STU02428,Deepak Patel,58,1,42.2,53.8,B
STU02429,Nikhil Singh,79,3,12.4,34.1,F
STU02430,Akash Chopra,69,2,35.7,49.9,C
STU02431,Ananya Gupta,58,1,45.4,97.4,O
STU02432,Tanvi Pandey,99,5,50.0,65.6,B+
STU02433,Dhruv Agarwal,66,2,32.0,52.6,B
STU02434,Sanika Sharma,86,4,24.2,38.5,F
STU02435,Priya Banerjee,86,4,48.4,75.8,A
STU02436,Rohit Gupta,82,3,35.2,60.0,B+
STU02437,Nisha Rao,67,2,32.8,56.6,B
STU02438,Gaurav Iyer,85,4,28.0,43.5,C
STU02439,Mahesh Chopra,68,2,23.1,28.8,F
STU02440,Divya Verma,74,2,40.0,72.4,A
STU02441,Vikram Bose,72,2,40.7,70.1,A
STU02442,Vikram Nair,83,3,37.6,61.1,B+
STU02443,Yash Reddy,60,1,26.6,47.3,C
STU02444,Sanika Pandey,86,4,26.5,48.6,C
STU02445,Suresh Mehta,83,3,22.9,30.5,F
STU02446,Ananya Patel,97,5,32.2,56.0,B
STU02447,Mahesh Agarwal,56,1,24.0,34.0,F
STU02448,Deepak Pandey,77,3,19.8,38.1,F
STU02449,Ishaan Mukherjee,73,2,40.7,63.6,B+
STU02450,Siddharth Nair,85,4,24.1,43.5,C
STU02451,Vishal Roy,59,1,42.3,64.2,B+
STU02452,Sneha Roy,73,2,38.3,66.6,B+
STU02453,Aditya Agarwal,88,4,38.9,54.4,B
STU02454,Chetan Mishra,64,1,48.9,78.5,A
STU02455,Sandeep Pillai,79,3,23.8,45.9,C
STU02456,Sanika Mishra,56,1,41.0,69.3,B+
STU02457,Tanvi Shah,65,2,31.3,51.6,B
STU02458,Neha Agarwal,85,4,50.0,94.4,O
STU02459,Mahesh Gupta,69,2,31.0,57.8,B
STU02460,Aditya Joshi,63,1,28.9,53.1,B
STU02461,Varun Nair,77,3,39.0,67.7,B+
STU02462,Aditya Tiwari,73,2,32.9,58.9,B
STU02463,Gargi Iyer,63,1,27.0,56.5,B
STU02464,Ananya Roy,89,4,27.7,41.0,C
STU02465,Sandeep Shah,75,3,48.1,85.0,A+
STU02466,Nisha Ghosh,63,1,23.3,40.1,C
STU02467,Usha Nair,82,3,37.7,57.3,B
STU02468,Farhan Singh,100,5,47.0,74.4,A
STU02469,Kishore Banerjee,61,1,43.5,71.4,A
STU02470,Kishore Iyer,70,2,29.1,39.7,F
STU02471,Sneha Malhotra,70,2,32.6,59.1,B
STU02472,Esha Verma,87,4,32.6,51.3,B
STU02473,Faizan Nair,58,1,19.5,31.9,F
STU02474,Tanvi Kapoor,58,1,38.1,71.8,A
STU02475,Priya Mishra,93,4,37.1,60.4,B+
STU02476,Gaurav Gupta,94,4,49.9,92.3,O
STU02477,Kishore Das,71,2,27.2,39.3,F
STU02478,Neha Roy,91,4,46.4,65.5,B+
STU02479,Esha Chatterjee,93,4,47.2,73.2,A
STU02480,Nisha Dubey,83,3,36.2,35.4,F
STU02481,Usha Sharma,90,4,17.0,34.4,F
STU02482,Chetan Chatterjee,92,4,32.1,43.0,C
STU02483,Nisha Das,93,4,50.0,75.1,A
STU02484,Tanvi Kumar,91,4,39.3,68.6,B+
STU02485,Tanvi Rao,89,4,42.6,69.1,B+
STU02486,Sanika Pillai,61,1,32.8,49.0,C
STU02487,Mohan Gupta,81,3,33.6,37.5,F
STU02488,Sanika Verma,82,3,18.9,40.6,C
STU02489,Arjun Verma,76,3,42.3,73.5,A
STU02490,Kavya Bose,68,2,44.0,86.8,A+
STU02491,Kavya Sharma,61,1,25.0,35.2,F
STU02492,Siddharth Mehta,91,4,35.0,44.4,C
STU02493,Aarav Joshi,76,3,32.3,59.6,B
STU02494,Vikram Rao,59,1,37.2,58.0,B
STU02495,Deepak Joshi,56,1,28.2,50.1,B
STU02496,Chetan Gupta,81,3,44.0,83.4,A+
STU02497,Neha Verma,75,3,35.6,60.1,B+
STU02498,Aditya Kumar,92,4,13.8,23.4,F
STU02499,Usha Chatterjee,69,2,38.4,63.3,B+
STU02500,Divya Ghosh,75,3,44.0,57.3,B
STU02501,Deepa Kapoor,64,1,23.5,46.5,C
STU02502,Siddharth Kapoor,77,3,38.9,71.6,A
STU02503,Pooja Patel,93,4,50.0,84.2,A+
STU02504,Pooja Chatterjee,59,1,34.4,42.9,C
STU02505,Zara Agarwal,55,1,43.3,68.3,B+
STU02506,Usha Singh,67,2,30.2,59.8,B
STU02507,Nikhil Reddy,75,3,34.8,51.2,B
STU02508,Neha Kumar,80,3,33.7,63.4,B+
STU02509,Farhan Sinha,99,5,33.9,54.7,B
STU02510,Rohit Roy,75,3,33.7,59.6,B
STU02511,Vishal Mehta,72,2,20.0,28.7,F
STU02512,Yash Joshi,91,4,33.6,54.4,B
STU02513,Gaurav Chatterjee,99,5,49.4,82.5,A+
STU02514,Suresh Chatterjee,86,4,27.4,35.2,F
STU02515,Vikram Roy,90,4,26.9,45.2,C
STU02516,Nisha Nair,71,2,35.2,34.8,F
STU02517,Zara Das,89,4,37.4,55.0,B
STU02518,Gaurav Agarwal,65,2,37.4,64.2,B+
STU02519,Mohan Sinha,75,3,34.0,63.4,B+
STU02520,Bhavya Reddy,80,3,36.1,61.5,B+
STU02521,Deepak Gupta,58,1,30.1,37.0,F
STU02522,Dhruv Sharma,88,4,24.8,47.9,C
STU02523,Bhavya Das,72,2,34.1,45.4,C
STU02524,Rahul Kapoor,94,4,43.4,74.4,A
STU02525,Gargi Das,89,4,41.0,56.8,B
STU02526,Akash Gupta,95,5,21.3,27.9,F
STU02527,Varun Joshi,83,3,38.1,53.3,B
STU02528,Vikram Nair,83,3,27.8,45.6,C
STU02529,Vishal Das,92,4,49.2,77.2,A
STU02530,Aryan Dubey,96,5,40.0,68.1,B+
STU02531,Sanika Kumar,75,3,43.1,68.8,B+
STU02532,Nikhil Sinha,96,5,37.3,47.5,C
STU02533,Anjali Nair,67,2,33.6,56.0,B
STU02534,Nisha Joshi,95,5,50.0,65.9,B+
STU02535,Farhan Mukherjee,71,2,43.4,62.4,B+
STU02536,Arjun Malhotra,63,1,34.9,52.9,B
STU02537,Chetan Banerjee,95,5,35.2,52.9,B
STU02538,Vishal Sinha,55,1,17.6,15.0,F
STU02539,Nikhil Chopra,56,1,36.0,68.6,B+
STU02540,Aarav Iyer,83,3,34.7,68.7,B+
STU02541,Karan Nair,87,4,41.2,83.9,A+
STU02542,Bhavya Patel,64,1,41.6,75.7,A
STU02543,Nisha Iyer,94,4,48.0,73.6,A
STU02544,Aryan Sinha,75,3,38.0,57.5,B
STU02545,Aarav Verma,82,3,26.3,38.3,F
STU02546,Priya Chopra,65,2,14.7,39.4,F
STU02547,Dhruv Pandey,88,4,28.9,45.3,C
STU02548,Farhan Tiwari,62,1,45.7,83.3,A+
STU02549,Ravi Mehta,76,3,50.0,89.5,A+
STU02550,Priya Mishra,62,1,31.6,52.1,B
STU02551,Sneha Agarwal,69,2,21.3,22.5,F
STU02552,Aryan Malhotra,71,2,28.8,45.3,C
STU02553,Sandeep Roy,77,3,45.4,73.8,A
STU02554,Tanvi Mukherjee,78,3,30.0,58.2,B
STU02555,Faizan Banerjee,99,5,42.7,68.5,B+
STU02556,Kavya Gupta,73,2,36.3,48.4,C
STU02557,Sakshi Patel,59,1,39.8,71.6,A
STU02558,Akash Reddy,86,4,50.0,78.2,A
STU02559,Aditya Joshi,98,5,42.6,47.8,C
STU02560,Lakshmi Singh,55,1,34.3,57.5,B
STU02561,Anjali Joshi,77,3,50.0,84.0,A+
STU02562,Farhan Tiwari,91,4,39.7,56.8,B
STU02563,Priya Gupta,62,1,26.6,41.0,C
STU02564,Dhruv Patel,67,2,40.4,69.9,B+
STU02565,Suresh Tiwari,62,1,37.7,63.0,B+
STU02566,Arjun Joshi,77,3,32.4,39.3,F
STU02567,Varun Bose,97,5,32.5,62.0,B+
STU02568,Sandeep Chatterjee,55,1,30.3,62.1,B+
STU02569,Aditya Pandey,99,5,32.6,48.1,C
STU02570,Yash Gupta,78,3,32.9,37.4,F
STU02571,Varun Tiwari,89,4,28.8,52.2,B
STU02572,Rohit Gupta,78,3,38.8,56.7,B
STU02573,Ananya Singh,71,2,37.4,64.1,B+
STU02574,Nikhil Rao,59,1,36.5,76.0,A
STU02575,Ishaan Pandey,74,2,34.3,42.5,C
STU02576,Bhavya Pillai,75,3,33.4,47.1,C
STU02577,Dhruv Dubey,94,4,49.9,78.3,A
STU02578,Dhruv Pillai,85,4,36.6,68.9,B+
STU02579,Lakshmi Banerjee,100,5,48.9,100.0,O
STU02580,Meera Reddy,90,4,27.5,46.0,C
STU02581,Kishore Singh,65,2,39.3,49.8,C
STU02582,Ananya Agarwal,69,2,27.8,41.7,C
STU02583,Tanvi Pillai,73,2,29.8,41.5,C
STU02584,Sanika Kumar,61,1,29.9,53.6,B
STU02585,Ananya Mishra,82,3,31.4,53.3,B
STU02586,Aarav Pandey,97,5,33.0,44.5,C
STU02587,Arjun Reddy,59,1,44.4,64.4,B+
STU02588,Zara Mukherjee,59,1,33.8,51.2,B
STU02589,Varun Mehta,84,3,37.9,58.7,B
STU02590,Ishaan Singh,86,4,32.0,50.9,B
STU02591,Aditya Rao,62,1,41.4,66.6,B+
STU02592,Farhan Mukherjee,64,1,37.1,69.2,B+
STU02593,Meera Patel,92,4,33.9,51.1,B
STU02594,Sandeep Kapoor,86,4,21.8,30.5,F
STU02595,Deepa Reddy,82,3,37.6,49.4,C
STU02596,Rahul Mehta,71,2,39.8,61.9,B+
STU02597,Sanika Tiwari,85,4,27.2,45.6,C
STU02598,Zara Iyer,62,1,31.0,35.8,F
STU02599,Arjun Mukherjee,94,4,41.7,64.0,B+
STU02600,Sneha Agarwal,79,3,21.3,43.4,C
STU02601,Gaurav Mishra,63,1,28.0,50.0,B
STU02602,Priya Mishra,56,1,36.5,61.4,B+
STU02603,Gaurav Chopra,69,2,44.3,75.8,A
STU02604,Akash Iyer,57,1,50.0,75.4,A
STU02605,Sakshi Chopra,90,4,50.0,74.3,A
STU02606,Lakshmi Nair,58,1,34.6,65.5,B+
STU02607,Mahesh Das,68,2,29.9,54.5,B
STU02608,Ananya Kumar,95,5,45.3,66.5,B+
STU02609,Faizan Chatterjee,95,5,32.1,36.3,F
STU02610,Zara Singh,79,3,28.5,39.8,F
STU02611,Arjun Banerjee,64,1,31.2,54.3,B
STU02612,Nisha Roy,75,3,31.1,44.5,C
STU02613,Sneha Pandey,90,4,40.2,67.0,B+
STU02614,Faizan Das,66,2,28.7,57.3,B
STU02615,Kavya Pillai,81,3,36.4,57.5,B
STU02616,Ananya Malhotra,94,4,50.0,81.9,A+
STU02617,Priya Malhotra,56,1,34.2,60.2,B+
STU02618,Siddharth Pandey,67,2,47.9,68.0,B+
STU02619,Sneha Banerjee,86,4,46.9,68.9,B+
STU02620,Sandeep Das,85,4,41.3,71.9,A
STU02621,Kishore Mehta,70,2,31.3,50.4,B
STU02622,Mohan Patel,86,4,45.5,73.8,A
STU02623,Rahul Tiwari,86,4,33.9,54.5,B
STU02624,Chetan Verma,88,4,36.3,65.9,B+
STU02625,Shreya Das,65,2,37.0,62.7,B+
STU02626,Siddharth Roy,64,1,33.9,57.8,B
STU02627,Tanvi Banerjee,69,2,27.9,54.4,B
STU02628,Vikram Kumar,71,2,20.9,46.3,C
STU02629,Deepa Ghosh,94,4,45.5,90.7,O
STU02630,Sakshi Gupta,72,2,39.8,59.0,B
STU02631,Farhan Rao,63,1,18.3,49.0,C
STU02632,Ishaan Kumar,79,3,28.7,37.1,F
STU02633,Akash Pandey,94,4,38.5,77.1,A
STU02634,Arjun Banerjee,68,2,38.3,56.2,B
STU02635,Rohit Rao,79,3,21.7,34.2,F
STU02636,Vishal Kumar,76,3,34.3,55.0,B
STU02637,Varun Iyer,84,3,40.8,58.3,B
STU02638,Neha Dubey,74,2,31.7,51.4,B
STU02639,Dhruv Dubey,75,3,37.3,53.2,B
STU02640,Anjali Patel,98,5,32.9,42.8,C
STU02641,Priya Pillai,86,4,44.3,70.6,A
STU02642,Rahul Pillai,100,5,30.3,61.2,B+
STU02643,Neha Kapoor,75,3,24.7,37.5,F
STU02644,Mahesh Shah,89,4,36.7,66.2,B+
STU02645,Sana Dubey,86,4,23.2,30.4,F
STU02646,Aarav Roy,84,3,17.0,16.9,F
STU02647,Bhavya Bose,93,4,46.6,78.2,A
STU02648,Usha Shah,66,2,25.2,54.4,B
STU02649,Ravi Singh,95,5,25.0,41.7,C
STU02650,Ravi Kumar,72,2,27.4,50.5,B
STU02651,Divya Das,75,3,27.3,55.6,B
STU02652,Usha Das,67,2,32.9,52.3,B
STU02653,Faizan Singh,75,3,25.2,39.1,F
STU02654,Aryan Das,62,1,38.2,64.9,B+
STU02655,Gargi Singh,100,5,43.3,74.5,A
STU02656,Meera Kapoor,94,4,25.4,29.4,F
STU02657,Sneha Tiwari,100,5,31.9,53.4,B
STU02658,Nisha Tiwari,61,1,28.9,46.2,C
STU02659,Ravi Iyer,77,3,33.7,47.6,C
STU02660,Priya Mukherjee,98,5,47.0,74.6,A
STU02661,Sanika Das,86,4,46.4,64.9,B+
STU02662,Varun Mehta,65,2,50.0,67.9,B+
STU02663,Akash Gupta,76,3,14.7,24.1,F
STU02664,Mahesh Agarwal,76,3,26.8,50.1,B
STU02665,Divya Bose,97,5,50.0,77.2,A
STU02666,Varun Banerjee,79,3,19.2,23.0,F
STU02667,Bhavya Agarwal,76,3,50.0,73.6,A
STU02668,Akash Agarwal,82,3,37.0,63.6,B+
STU02669,Nikhil Chatterjee,83,3,37.5,73.3,A
STU02670,Kishore Verma,67,2,22.7,42.5,C
STU02671,Esha Mehta,72,2,30.6,59.4,B
STU02672,Mahesh Tiwari,56,1,48.8,69.7,B+
STU02673,Pooja Sharma,83,3,35.4,56.0,B
STU02674,Nikhil Malhotra,75,3,31.0,57.7,B
STU02675,Mohan Reddy,69,2,38.1,49.8,C
STU02676,Mahesh Malhotra,81,3,33.9,49.0,C
STU02677,Sanika Kapoor,85,4,39.1,70.1,A
STU02678,Bhavya Banerjee,69,2,26.8,44.9,C
STU02679,Aryan Kapoor,77,3,34.5,47.5,C
STU02680,Kavya Kumar,78,3,29.5,34.2,F
STU02681,Mohan Sinha,98,5,21.1,44.5,C
STU02682,Sakshi Ghosh,67,2,38.5,45.2,C
STU02683,Neha Iyer,76,3,24.0,43.5,C
STU02684,Dhruv Pandey,97,5,35.7,52.9,B
STU02685,Varun Mukherjee,91,4,44.9,80.2,A+
STU02686,Arjun Rao,87,4,22.7,28.0,F
STU02687,Sakshi Rao,57,1,38.6,82.7,A+
STU02688,Ravi Sinha,73,2,32.1,54.6,B
STU02689,Sanika Ghosh,77,3,26.5,46.9,C
STU02690,Siddharth Kapoor,83,3,50.0,73.8,A
STU02691,Pooja Malhotra,84,3,35.9,56.4,B
STU02692,Ananya Shah,93,4,31.7,49.9,C
STU02693,Farhan Patel,98,5,30.3,62.8,B+
STU02694,Mohan Chatterjee,79,3,43.3,72.5,A
STU02695,Shreya Agarwal,91,4,31.1,54.1,B
STU02696,Deepak Ghosh,62,1,40.5,69.1,B+
STU02697,Siddharth Tiwari,96,5,37.1,64.4,B+
STU02698,Tanvi Sharma,70,2,44.5,60.1,B+
STU02699,Gaurav Rao,62,1,24.3,55.3,B
STU02700,Ishaan Malhotra,55,1,24.9,32.8,F
STU02701,Ananya Nair,98,5,34.8,55.4,B
STU02702,Akash Chopra,59,1,31.6,62.8,B+
STU02703,Ananya Dubey,57,1,30.0,63.5,B+
STU02704,Pooja Chatterjee,55,1,50.0,86.4,A+
STU02705,Ishaan Iyer,58,1,50.0,76.0,A
STU02706,Pooja Malhotra,94,4,39.6,64.4,B+
STU02707,Sana Shah,89,4,40.2,65.7,B+
STU02708,Rahul Mukherjee,86,4,34.0,56.0,B
STU02709,Deepa Banerjee,96,5,27.7,34.5,F
STU02710,Aditya Nair,88,4,34.7,65.6,B+
STU02711,Pooja Mehta,97,5,44.1,71.6,A
STU02712,Varun Chopra,79,3,47.2,69.7,B+
STU02713,Gaurav Kapoor,64,1,42.9,64.7,B+
STU02714,Sandeep Das,75,3,21.4,36.4,F
STU02715,Suresh Mishra,100,5,34.9,44.6,C
STU02716,Nisha Gupta,93,4,23.6,44.8,C
STU02717,Lakshmi Sinha,81,3,46.1,75.6,A
STU02718,Bhavya Patel,81,3,31.9,63.6,B+
STU02719,Meera Sharma,56,1,32.7,52.9,B
STU02720,Priya Verma,95,5,41.3,57.4,B
STU02721,Farhan Kapoor,67,2,50.0,70.4,A
STU02722,Tanvi Ghosh,63,1,36.2,54.8,B
STU02723,Karan Kapoor,90,4,34.4,52.8,B
STU02724,Kavya Mukherjee,76,3,23.9,33.7,F
STU02725,Kavya Banerjee,96,5,50.0,81.0,A+
STU02726,Karan Iyer,80,3,33.9,49.5,C
STU02727,Yash Pandey,66,2,49.0,80.4,A+
STU02728,Shreya Sharma,71,2,44.6,67.2,B+
STU02729,Gargi Ghosh,68,2,30.1,53.2,B
STU02730,Amrita Sharma,68,2,21.8,32.4,F
STU02731,Sandeep Dubey,88,4,38.8,72.0,A
STU02732,Deepak Mukherjee,74,2,29.4,52.3,B
STU02733,Gaurav Bose,65,2,34.4,56.6,B
STU02734,Aarav Nair,70,2,43.9,68.6,B+
STU02735,Lakshmi Bose,85,4,21.1,21.6,F
STU02736,Mohan Chatterjee,60,1,35.9,68.7,B+
STU02737,Chetan Mukherjee,73,2,41.6,61.1,B+
STU02738,Mahesh Pandey,91,4,43.9,71.0,A
STU02739,Priya Kapoor,58,1,21.0,36.4,F
STU02740,Nisha Chopra,58,1,37.1,57.9,B
STU02741,Lakshmi Rao,74,2,45.7,84.0,A+
STU02742,Sana Reddy,64,1,37.0,49.4,C
STU02743,Amrita Shah,78,3,34.3,68.8,B+
STU02744,Vikram Agarwal,89,4,46.7,80.1,A+
STU02745,Usha Singh,80,3,29.3,44.9,C
STU02746,Aarav Shah,91,4,22.8,34.6,F
STU02747,Zara Malhotra,92,4,34.9,38.1,F
STU02748,Pooja Pillai,75,3,39.8,56.9,B
STU02749,Yash Bose,94,4,46.3,71.2,A
STU02750,Varun Reddy,93,4,41.6,68.0,B+
STU02751,Mohan Banerjee,75,3,42.5,78.1,A
STU02752,Aryan Mehta,64,1,43.3,85.6,A+
STU02753,Anjali Joshi,92,4,33.6,55.9,B
STU02754,Mahesh Mukherjee,100,5,36.2,59.6,B
STU02755,Neha Kapoor,58,1,44.9,67.9,B+
STU02756,Mahesh Iyer,99,5,26.5,28.7,F
STU02757,Yash Chatterjee,74,2,38.8,57.2,B
STU02758,Yash Reddy,71,2,28.1,43.3,C
STU02759,Ishaan Kumar,61,1,43.5,77.4,A
STU02760,Siddharth Ghosh,58,1,33.1,57.1,B
STU02761,Kishore Tiwari,83,3,35.9,59.2,B
STU02762,Ananya Roy,68,2,49.9,75.2,A
STU02763,Varun Agarwal,57,1,23.5,21.7,F
STU02764,Zara Joshi,78,3,37.2,44.1,C
STU02765,Amrita Kumar,91,4,35.0,42.7,C
STU02766,Dhruv Sharma,70,2,39.3,60.5,B+
STU02767,Yash Mehta,58,1,50.0,88.0,A+
STU02768,Meera Iyer,78,3,29.9,55.6,B
STU02769,Ravi Agarwal,88,4,25.5,47.1,C
STU02770,Priya Sinha,84,3,28.6,41.6,C
STU02771,Akash Das,72,2,32.6,61.3,B+
STU02772,Chetan Das,73,2,35.4,49.2,C
STU02773,Ishaan Joshi,85,4,37.0,66.0,B+
STU02774,Dhruv Chatterjee,73,2,50.0,66.6,B+
STU02775,Kavya Banerjee,100,5,50.0,70.6,A
STU02776,Sneha Mukherjee,73,2,46.5,87.6,A+
STU02777,Sandeep Dubey,76,3,50.0,78.4,A
STU02778,Zara Mishra,78,3,42.7,62.9,B+
STU02779,Shreya Reddy,99,5,47.4,84.7,A+
STU02780,Farhan Malhotra,66,2,41.3,75.8,A
STU02781,Zara Tiwari,84,3,41.7,63.3,B+
STU02782,Suresh Gupta,92,4,40.2,66.5,B+
STU02783,Meera Singh,85,4,32.4,52.9,B
STU02784,Sandeep Kumar,90,4,25.3,17.9,F
STU02785,Esha Iyer,73,2,33.6,42.6,C
STU02786,Dhruv Roy,99,5,42.5,75.5,A
STU02787,Suresh Ghosh,90,4,37.2,52.9,B
STU02788,Gaurav Banerjee,84,3,26.3,46.3,C
STU02789,Nikhil Mukherjee,87,4,34.7,57.6,B
STU02790,Arjun Nair,72,2,32.7,62.0,B+
STU02791,Nisha Nair,82,3,35.1,45.2,C
STU02792,Esha Kapoor,65,2,38.4,64.6,B+
STU02793,Mohan Pandey,99,5,43.8,69.6,B+
STU02794,Nikhil Mishra,87,4,31.7,44.4,C
STU02795,Lakshmi Das,71,2,43.4,63.1,B+
STU02796,Meera Chopra,60,1,43.7,71.7,A
STU02797,Deepa Mehta,58,1,36.2,63.0,B+
STU02798,Ananya Kapoor,74,2,40.9,65.9,B+
STU02799,Vishal Das,81,3,44.5,72.0,A
STU02800,Usha Bose,69,2,24.5,35.2,F
STU02801,Anjali Mehta,60,1,43.0,65.3,B+
STU02802,Ishaan Shah,68,2,27.2,37.2,F
STU02803,Deepa Kapoor,65,2,27.8,40.3,C
STU02804,Amrita Agarwal,93,4,38.6,66.5,B+
STU02805,Siddharth Reddy,63,1,14.5,28.9,F
STU02806,Ravi Verma,80,3,37.1,49.2,C
STU02807,Divya Kumar,70,2,43.3,62.1,B+
STU02808,Ishaan Joshi,59,1,18.6,24.1,F
STU02809,Ravi Das,64,1,43.7,69.4,B+
STU02810,Sana Kumar,57,1,26.9,29.6,F
STU02811,Neha Kapoor,67,2,36.1,50.7,B
STU02812,Chetan Gupta,97,5,32.2,40.4,C
STU02813,Gargi Patel,84,3,41.1,69.0,B+
STU02814,Sanika Joshi,99,5,46.6,74.3,A
STU02815,Vishal Gupta,60,1,39.3,59.2,B
STU02816,Neha Mukherjee,71,2,34.6,46.9,C
STU02817,Ananya Sharma,99,5,33.1,49.4,C
STU02818,Sakshi Iyer,73,2,34.2,50.2,B
STU02819,Karan Ghosh,96,5,43.0,81.9,A+
STU02820,Gargi Gupta,89,4,42.6,76.1,A
STU02821,Tanvi Ghosh,100,5,42.5,62.5,B+
STU02822,Farhan Mehta,80,3,24.0,39.7,F
STU02823,Faizan Ghosh,59,1,33.2,60.7,B+
STU02824,Arjun Kumar,83,3,30.1,42.6,C
STU02825,Vikram Pandey,91,4,42.6,56.8,B
STU02826,Vishal Pandey,74,2,28.0,30.4,F
STU02827,Rahul Pandey,75,3,39.1,72.7,A
STU02828,Sandeep Agarwal,64,1,31.4,48.7,C
STU02829,Aarav Verma,59,1,16.5,28.7,F
STU02830,Sneha Rao,90,4,44.9,67.2,B+
STU02831,Dhruv Mishra,60,1,33.3,43.1,C
STU02832,Aarav Tiwari,80,3,47.0,66.5,B+
STU02833,Neha Ghosh,58,1,18.3,18.6,F
STU02834,Siddharth Rao,93,4,34.2,61.5,B+
STU02835,Aditya Banerjee,93,4,34.9,67.8,B+
STU02836,Aarav Mukherjee,89,4,38.8,62.4,B+
STU02837,Dhruv Nair,55,1,21.1,21.6,F
STU02838,Kavya Chatterjee,78,3,40.2,68.3,B+
STU02839,Nisha Reddy,90,4,50.0,90.1,O
STU02840,Deepak Singh,60,1,37.8,68.3,B+
STU02841,Priya Shah,95,5,37.8,60.2,B+
STU02842,Usha Reddy,100,5,25.1,38.3,F
STU02843,Farhan Patel,98,5,30.3,48.2,C
STU02844,Akash Reddy,85,4,35.5,66.6,B+
STU02845,Meera Chopra,74,2,30.1,54.2,B
STU02846,Dhruv Shah,78,3,44.5,68.1,B+
STU02847,Varun Shah,79,3,40.2,61.0,B+
STU02848,Nikhil Pandey,90,4,50.0,76.1,A
STU02849,Amrita Kumar,75,3,26.2,33.4,F
STU02850,Nikhil Tiwari,84,3,36.2,68.7,B+
STU02851,Sanika Mishra,78,3,22.8,30.2,F
STU02852,Faizan Rao,98,5,17.3,31.6,F
STU02853,Farhan Dubey,96,5,43.6,64.5,B+
STU02854,Rahul Sharma,84,3,40.4,60.8,B+
STU02855,Kavya Nair,76,3,27.4,42.9,C
STU02856,Dhruv Kumar,82,3,36.5,62.8,B+
STU02857,Karan Sinha,61,1,27.9,42.6,C
STU02858,Aditya Das,89,4,32.0,42.1,C
STU02859,Shreya Gupta,82,3,32.8,52.6,B
STU02860,Deepa Mishra,68,2,26.2,35.8,F
STU02861,Chetan Mukherjee,64,1,27.5,56.4,B
STU02862,Akash Agarwal,70,2,28.3,43.2,C
STU02863,Vishal Iyer,70,2,38.3,55.9,B
STU02864,Gargi Pillai,85,4,11.0,33.4,F
STU02865,Vikram Verma,96,5,35.1,62.1,B+
STU02866,Varun Verma,79,3,25.6,33.8,F
STU02867,Zara Singh,67,2,24.7,33.2,F
STU02868,Yash Malhotra,60,1,28.8,49.9,C
STU02869,Aditya Verma,98,5,37.2,59.9,B
STU02870,Bhavya Singh,63,1,31.9,58.2,B
STU02871,Ravi Chopra,99,5,27.8,39.2,F
STU02872,Priya Singh,90,4,43.0,74.4,A
STU02873,Suresh Iyer,97,5,29.1,28.7,F
STU02874,Sandeep Chatterjee,74,2,28.3,44.0,C
STU02875,Divya Rao,72,2,37.3,54.7,B
STU02876,Bhavya Banerjee,97,5,40.1,60.5,B+
STU02877,Vishal Sharma,75,3,29.5,46.4,C
STU02878,Mohan Pandey,58,1,6.9,20.1,F
STU02879,Zara Singh,87,4,28.2,35.9,F
STU02880,Zara Shah,81,3,37.1,41.9,C
STU02881,Mahesh Bose,61,1,39.8,55.4,B
STU02882,Varun Chatterjee,60,1,32.8,60.7,B+
STU02883,Deepak Pandey,69,2,30.1,35.0,F
STU02884,Aryan Shah,72,2,50.0,75.4,A
STU02885,Dhruv Bose,86,4,32.7,59.0,B
STU02886,Deepa Reddy,65,2,39.5,62.7,B+
STU02887,Deepa Roy,74,2,22.9,45.7,C
STU02888,Aryan Mehta,78,3,25.5,24.5,F
STU02889,Ishaan Bose,69,2,40.2,61.7,B+
STU02890,Ishaan Ghosh,61,1,43.0,79.5,A
STU02891,Lakshmi Malhotra,75,3,31.5,41.4,C
STU02892,Siddharth Rao,96,5,20.5,41.1,C
STU02893,Nisha Chatterjee,80,3,34.0,52.5,B
STU02894,Ravi Reddy,98,5,39.0,65.9,B+
STU02895,Farhan Verma,68,2,35.2,66.4,B+
STU02896,Suresh Mehta,91,4,31.5,53.8,B
STU02897,Karan Chatterjee,75,3,33.6,49.0,C
STU02898,Sandeep Joshi,72,2,28.0,49.3,C
STU02899,Kishore Sharma,59,1,23.4,32.1,F
STU02900,Aarav Banerjee,57,1,40.0,66.2,B+
STU02901,Arjun Dubey,77,3,36.1,47.7,C
STU02902,Deepa Malhotra,80,3,34.1,54.8,B
STU02903,Tanvi Banerjee,91,4,32.0,60.7,B+
STU02904,Sanika Kumar,78,3,33.7,51.5,B
STU02905,Arjun Ghosh,73,2,36.2,66.7,B+
STU02906,Shreya Patel,79,3,50.0,100.0,O
STU02907,Dhruv Sinha,75,3,40.9,65.2,B+
STU02908,Aryan Tiwari,66,2,28.1,49.9,C
STU02909,Lakshmi Mukherjee,95,5,31.1,53.6,B
STU02910,Kavya Chopra,87,4,28.9,48.0,C
STU02911,Meera Iyer,58,1,31.5,56.7,B
STU02912,Sana Verma,96,5,29.8,45.7,C
STU02913,Aryan Malhotra,61,1,37.9,55.3,B
STU02914,Gaurav Kapoor,76,3,11.3,5.9,F
STU02915,Akash Kapoor,87,4,41.0,62.9,B+
STU02916,Meera Mishra,71,2,37.1,66.6,B+
STU02917,Amrita Joshi,78,3,46.7,67.2,B+
STU02918,Rohit Sinha,88,4,44.2,72.7,A
STU02919,Deepa Singh,82,3,29.5,46.2,C
STU02920,Faizan Tiwari,97,5,44.1,65.6,B+
STU02921,Akash Sharma,95,5,35.5,42.0,C
STU02922,Deepak Banerjee,93,4,19.4,41.9,C
STU02923,Yash Gupta,76,3,36.5,62.5,B+
STU02924,Nikhil Mishra,71,2,29.0,67.7,B+
STU02925,Sakshi Bose,88,4,36.3,66.7,B+
STU02926,Mahesh Tiwari,60,1,48.4,88.2,A+
STU02927,Dhruv Patel,100,5,39.5,49.2,C
STU02928,Pooja Malhotra,60,1,24.3,24.7,F
STU02929,Nikhil Gupta,88,4,45.0,72.3,A
STU02930,Deepa Agarwal,55,1,36.3,48.9,C
STU02931,Rahul Chopra,64,1,23.7,32.5,F
STU02932,Mahesh Malhotra,75,3,20.5,53.0,B
STU02933,Priya Chatterjee,59,1,24.6,48.9,C
STU02934,Sandeep Roy,56,1,40.6,57.5,B
STU02935,Ravi Mukherjee,76,3,32.4,32.9,F
STU02936,Farhan Singh,56,1,33.8,45.9,C
STU02937,Deepak Chatterjee,64,1,21.9,30.6,F
STU02938,Dhruv Verma,88,4,44.1,68.0,B+
STU02939,Farhan Singh,70,2,16.4,16.0,F
STU02940,Ravi Dubey,93,4,30.9,58.5,B
STU02941,Usha Mehta,76,3,38.9,56.5,B
STU02942,Tanvi Banerjee,66,2,24.0,43.6,C
STU02943,Sakshi Gupta,78,3,40.8,65.7,B+
STU02944,Vikram Agarwal,94,4,29.1,54.1,B
STU02945,Gargi Mishra,92,4,25.7,39.2,F
STU02946,Vikram Sharma,64,1,45.5,65.4,B+
STU02947,Amrita Tiwari,89,4,37.8,55.7,B
STU02948,Dhruv Tiwari,86,4,40.8,60.6,B+
STU02949,Deepak Mehta,61,1,42.8,85.0,A+
STU02950,Sanika Singh,75,3,11.4,18.9,F
STU02951,Ravi Chopra,74,2,40.6,65.0,B+
STU02952,Akash Patel,80,3,28.7,53.0,B
STU02953,Lakshmi Mukherjee,58,1,27.6,44.2,C
STU02954,Neha Sharma,100,5,41.4,75.2,A
STU02955,Chetan Kapoor,76,3,31.8,47.9,C
STU02956,Amrita Shah,69,2,39.8,59.9,B
STU02957,Gargi Sinha,94,4,36.5,50.6,B
STU02958,Tanvi Sinha,75,3,36.5,73.2,A
STU02959,Tanvi Nair,69,2,30.0,47.4,C
STU02960,Zara Kapoor,76,3,25.5,31.4,F
STU02961,Nikhil Shah,82,3,29.0,48.0,C
STU02962,Siddharth Chatterjee,68,2,33.4,48.2,C
STU02963,Bhavya Bose,81,3,50.0,76.9,A
STU02964,Aryan Pandey,95,5,50.0,82.5,A+
STU02965,Zara Sinha,94,4,31.0,61.8,B+
STU02966,Kishore Mehta,82,3,36.2,58.7,B
STU02967,Nisha Banerjee,80,3,32.9,47.0,C
STU02968,Amrita Mukherjee,56,1,34.3,50.8,B
STU02969,Priya Kumar,79,3,37.7,65.6,B+
STU02970,Suresh Tiwari,57,1,37.9,45.0,C
STU02971,Vikram Verma,62,1,7.6,3.8,F
STU02972,Aarav Mukherjee,98,5,40.6,66.7,B+
STU02973,Farhan Shah,87,4,32.6,38.5,F
STU02974,Sandeep Kapoor,96,5,30.8,46.8,C
STU02975,Sanika Kapoor,89,4,43.5,65.8,B+
STU02976,Farhan Patel,60,1,46.7,81.7,A+
STU02977,Faizan Mehta,93,4,43.0,66.8,B+
STU02978,Neha Nair,77,3,30.5,58.3,B
STU02979,Nikhil Iyer,79,3,25.7,41.8,C
STU02980,Ananya Shah,97,5,10.1,30.4,F
STU02981,Kavya Pillai,73,2,36.4,47.1,C
STU02982,Yash Agarwal,59,1,38.6,74.7,A
STU02983,Rahul Malhotra,65,2,33.1,49.7,C
STU02984,Kishore Patel,66,2,42.5,79.8,A
STU02985,Sana Chopra,64,1,22.0,44.7,C
STU02986,Tanvi Chopra,62,1,32.2,28.7,F
STU02987,Arjun Kapoor,78,3,33.0,56.6,B
STU02988,Sanika Chopra,82,3,34.7,63.5,B+
STU02989,Neha Singh,95,5,47.5,86.6,A+
STU02990,Sanika Sinha,90,4,35.6,47.5,C
STU02991,Yash Sharma,91,4,33.9,59.0,B
STU02992,Aryan Agarwal,75,3,26.6,44.1,C
STU02993,Ravi Verma,62,1,45.7,76.6,A
STU02994,Suresh Pillai,63,1,20.9,41.4,C
STU02995,Aarav Malhotra,69,2,29.4,56.3,B
STU02996,Arjun Roy,100,5,50.0,74.8,A
STU02997,Varun Bose,94,4,41.1,67.9,B+
STU02998,Vishal Reddy,72,2,34.5,55.5,B
STU02999,Shreya Pillai,96,5,37.3,57.8,B
STU03000,Karan Mukherjee,74,2,26.4,41.1,C
